"Name","Team","Age","ERA","K/9","BB/9","K/BB","H/9","HR/9","WHIP","BABIP","GB/FB","LD%","GB%","FB%","IFFB%","HR/FB","O-Swing%","Z-Swing%","Swing%","O-Contact%","Z-Contact%","Contact%","Zone%","F-Strike%","SwStr%","K%","BB%","Soft%","Med%","Hard%","AVG","IFH%","BUH%","xFIP","SIERA","RS/9","K-BB%","Pull%","Cent%","Oppo%","playerid"
"Hyun-Jin Ryu","Dodgers","32","1.78","9.40","1.21","7.79","6.86","0.95","0.90",".261","1.39","21.6 %","45.6 %","32.8 %","9.2 %","12.5 %","32.6 %","65.6 %","46.9 %","61.5 %","83.9 %","75.0 %","43.1 %","60.5 %","11.7 %","27.5 %","3.5 %","17.8 %","46.1 %","36.1 %",".208","4.8 %","40.0 %","2.93","3.11","6.10","23.9 %","43.7 %","31.8 %","24.5 %","14444"
"Jacob deGrom","Mets","31","2.13","11.26","2.06","5.46","6.58","0.59","0.96",".284","1.39","22.5 %","45.1 %","32.5 %","14.7 %","8.5 %","37.2 %","70.4 %","52.0 %","57.5 %","79.9 %","71.0 %","44.6 %","66.1 %","15.1 %","31.9 %","5.8 %","24.1 %","46.5 %","29.4 %",".200","6.1 %","30.8 %","2.73","2.90","3.37","26.1 %","42.1 %","32.0 %","25.9 %","10954"
"Blake Snell","Rays","26","2.19","11.44","2.98","3.84","5.84","0.86","0.98",".256","1.23","19.5 %","44.4 %","36.1 %","8.1 %","11.9 %","33.7 %","65.0 %","45.9 %","47.4 %","79.6 %","65.2 %","39.2 %","59.6 %","16.0 %","32.9 %","8.6 %","19.5 %","46.5 %","34.0 %",".184","8.3 %","0.0 %","2.99","3.14","4.98","24.3 %","35.3 %","33.0 %","31.7 %","13543"
"Justin Verlander","Astros","36","2.45","11.91","1.70","7.02","6.03","1.26","0.86",".244","0.62","19.2 %","30.8 %","49.9 %","13.1 %","12.2 %","35.7 %","68.8 %","51.2 %","57.9 %","79.0 %","71.2 %","46.8 %","67.7 %","14.8 %","34.2 %","4.9 %","18.8 %","48.9 %","32.4 %",".184","9.4 %","66.7 %","3.13","2.74","4.59","29.4 %","39.0 %","34.8 %","26.2 %","8700"
"Chris Sale","Red Sox","30","2.69","13.44","2.10","6.40","6.17","0.84","0.92",".288","1.15","19.2 %","43.3 %","37.5 %","13.5 %","11.8 %","35.7 %","62.7 %","47.9 %","54.3 %","76.9 %","67.7 %","45.3 %","67.0 %","15.5 %","37.6 %","5.9 %","24.1 %","47.3 %","28.6 %",".188","8.7 %","25.0 %","2.51","2.43","5.08","31.7 %","38.0 %","33.0 %","29.1 %","10603"
"Walker Buehler","Dodgers","24","2.71","9.55","2.23","4.28","6.40","0.78","0.96",".251","1.42","19.5 %","47.2 %","33.3 %","7.0 %","10.2 %","31.3 %","67.3 %","48.3 %","64.1 %","84.2 %","77.3 %","47.2 %","63.0 %","11.0 %","27.0 %","6.3 %","20.5 %","43.6 %","35.9 %",".195","4.9 %","28.6 %","3.33","3.42","5.38","20.7 %","33.0 %","37.8 %","29.2 %","19374"
"Max Scherzer","Nationals","34","2.74","12.21","2.07","5.91","6.72","0.89","0.98",".289","0.84","19.1 %","36.8 %","44.1 %","13.8 %","9.8 %","35.0 %","71.0 %","51.9 %","52.4 %","77.8 %","68.7 %","47.1 %","66.9 %","16.2 %","34.1 %","5.8 %","22.0 %","46.8 %","31.2 %",".202","5.6 %","12.5 %","3.01","2.76","5.27","28.3 %","40.8 %","32.1 %","27.1 %","3137"
"Trevor Bauer","Indians","28","2.75","11.12","3.42","3.25","6.69","0.67","1.12",".283","1.15","21.9 %","41.8 %","36.3 %","10.4 %","8.5 %","30.0 %","64.4 %","44.5 %","51.1 %","84.3 %","71.4 %","42.0 %","61.4 %","12.7 %","30.0 %","9.2 %","15.8 %","46.5 %","37.7 %",".202","5.8 %","25.0 %","3.51","3.53","4.95","20.8 %","42.6 %","33.6 %","23.8 %","12703"
"Aaron Nola","Phillies","26","2.79","9.66","2.69","3.59","7.11","0.88","1.09",".275","1.64","20.6 %","49.3 %","30.1 %","11.3 %","12.8 %","32.5 %","62.3 %","45.4 %","62.1 %","82.9 %","74.5 %","43.6 %","66.6 %","11.6 %","26.7 %","7.4 %","21.3 %","51.5 %","27.2 %",".214","6.3 %","18.8 %","3.31","3.53","4.49","19.3 %","43.6 %","34.8 %","21.6 %","16149"
"Mike Clevinger","Indians","28","2.84","9.72","3.01","3.23","7.05","0.89","1.12",".275","1.04","20.4 %","40.6 %","39.1 %","11.4 %","10.0 %","30.4 %","66.2 %","46.1 %","58.1 %","81.8 %","73.0 %","43.7 %","64.4 %","12.5 %","26.9 %","8.3 %","18.8 %","46.3 %","34.9 %",".214","5.5 %","14.3 %","3.71","3.73","5.65","18.5 %","37.1 %","34.6 %","28.3 %","12808"
"Clayton Kershaw","Dodgers","31","2.86","8.64","1.61","5.38","7.64","1.04","1.03",".269","1.68","21.0 %","49.6 %","29.5 %","9.4 %","14.1 %","33.2 %","72.6 %","51.1 %","61.7 %","86.7 %","77.9 %","45.5 %","70.6 %","11.3 %","24.1 %","4.5 %","21.0 %","41.6 %","37.5 %",".223","7.3 %","30.0 %","3.18","3.43","5.51","19.6 %","49.7 %","29.5 %","20.8 %","2036"
"Clay Buchholz","- - -","34","2.93","6.80","2.05","3.32","8.20","1.02","1.14",".270","1.16","21.6 %","42.2 %","36.2 %","6.7 %","10.4 %","33.1 %","68.1 %","48.4 %","69.3 %","88.1 %","80.8 %","43.6 %","67.5 %","9.3 %","18.6 %","5.6 %","16.0 %","45.3 %","38.7 %",".238","4.5 %","40.0 %","4.25","4.36","4.90","13.0 %","38.7 %","35.5 %","25.9 %","3543"
"Wade Miley","- - -","32","2.96","5.72","2.63","2.18","8.15","0.72","1.20",".265","1.90","21.5 %","51.4 %","27.1 %","6.9 %","9.5 %","31.2 %","67.5 %","44.8 %","69.8 %","87.5 %","79.8 %","37.5 %","57.4 %","9.0 %","15.2 %","7.0 %","18.0 %","44.5 %","37.4 %",".236","4.1 %","0.0 %","4.36","4.64","4.99","8.2 %","48.4 %","32.7 %","19.0 %","8779"
"Charlie Morton","- - -","35","3.01","10.90","3.62","3.01","6.91","0.89","1.17",".284","1.62","21.3 %","48.6 %","30.1 %","9.9 %","13.6 %","30.0 %","62.8 %","44.6 %","55.1 %","83.6 %","73.0 %","44.6 %","60.2 %","12.0 %","29.1 %","9.7 %","20.4 %","49.5 %","30.0 %",".209","7.3 %","25.0 %","3.45","3.58","5.29","19.4 %","39.8 %","34.6 %","25.6 %","4676"
"Jon Lester","Cubs","35","3.08","7.65","2.92","2.62","8.77","1.12","1.30",".297","1.08","25.3 %","38.8 %","35.8 %","8.9 %","11.9 %","27.3 %","68.1 %","43.9 %","69.6 %","87.4 %","80.8 %","40.8 %","58.1 %","8.4 %","20.3 %","7.8 %","17.7 %","48.5 %","33.8 %",".254","6.3 %","30.8 %","4.28","4.42","6.33","12.5 %","42.1 %","36.5 %","21.4 %","4930"
"Tyler Glasnow","Rays","25","3.12","10.30","2.42","4.25","6.66","1.13","1.01",".261","1.45","19.8 %","47.5 %","32.7 %","9.5 %","15.5 %","30.1 %","64.3 %","46.2 %","53.6 %","84.8 %","74.0 %","47.1 %","63.7 %","12.0 %","29.2 %","6.9 %","19.1 %","45.9 %","35.0 %",".204","8.2 %","0.0 %","3.14","3.29","4.24","22.3 %","43.6 %","30.0 %","26.5 %","14374"
"Zack Greinke","Diamondbacks","35","3.13","8.57","1.68","5.12","7.54","1.19","1.02",".263","1.39","22.9 %","44.8 %","32.3 %","8.4 %","14.7 %","35.1 %","62.0 %","45.4 %","69.6 %","84.0 %","77.1 %","38.3 %","66.8 %","10.4 %","24.0 %","4.7 %","16.3 %","44.5 %","39.2 %",".223","2.3 %","25.0 %","3.40","3.57","4.96","19.3 %","40.8 %","36.6 %","22.7 %","1943"
"Trevor Williams","Pirates","27","3.16","6.73","2.60","2.58","7.89","0.76","1.17",".268","1.10","22.6 %","40.6 %","36.8 %","10.6 %","7.8 %","32.7 %","67.7 %","47.7 %","72.3 %","88.8 %","82.3 %","42.9 %","62.7 %","8.4 %","18.2 %","7.0 %","19.9 %","49.1 %","31.0 %",".231","8.5 %","22.2 %","4.48","4.59","3.97","11.2 %","38.7 %","35.3 %","26.1 %","16977"
"Patrick Corbin","- - -","29","3.17","10.99","2.36","4.67","7.20","0.79","1.06",".294","1.56","22.1 %","47.5 %","30.4 %","5.0 %","11.6 %","36.8 %","64.6 %","46.6 %","52.4 %","84.0 %","67.8 %","35.2 %","63.3 %","15.0 %","30.4 %","6.5 %","15.9 %","44.0 %","40.2 %",".214","6.4 %","0.0 %","2.87","3.08","4.13","23.9 %","39.1 %","37.2 %","23.7 %","9323"
"Gerrit Cole","Astros","28","3.18","12.72","2.74","4.64","6.67","1.02","1.05",".293","0.90","22.1 %","36.8 %","41.0 %","10.7 %","12.3 %","32.8 %","69.5 %","49.9 %","54.0 %","80.1 %","70.9 %","46.4 %","63.1 %","14.5 %","35.3 %","7.6 %","18.8 %","49.0 %","32.2 %",".202","5.5 %","25.0 %","2.86","2.83","5.79","27.7 %","34.3 %","38.8 %","26.8 %","13125"
"Frankie Montas","Athletics","26","3.20","7.57","2.47","3.06","9.32","0.65","1.31",".319","1.62","23.6 %","47.2 %","29.2 %","6.4 %","8.2 %","32.8 %","71.2 %","49.3 %","65.1 %","87.8 %","79.2 %","43.0 %","59.8 %","10.3 %","19.8 %","6.5 %","13.1 %","44.8 %","42.2 %",".263","8.4 %","20.0 %","3.94","4.19","6.40","13.3 %","44.0 %","30.4 %","25.7 %","14309"
"Ross Stripling","Dodgers","29","3.21","9.68","1.67","5.81","8.79","1.41","1.16",".308","1.54","21.2 %","47.8 %","31.0 %","11.7 %","18.3 %","32.9 %","64.3 %","46.9 %","61.8 %","85.9 %","76.6 %","44.8 %","69.9 %","11.0 %","26.3 %","4.5 %","18.8 %","47.2 %","34.0 %",".251","2.2 %","57.1 %","3.04","3.26","4.43","21.8 %","41.9 %","33.5 %","24.6 %","13273"
"Miles Mikolas","Cardinals","30","3.27","6.43","1.37","4.69","8.51","0.91","1.10",".277","1.70","22.0 %","49.1 %","28.9 %","8.4 %","11.5 %","35.1 %","67.9 %","51.0 %","70.6 %","88.2 %","82.0 %","48.6 %","70.0 %","9.2 %","17.6 %","3.8 %","18.9 %","48.3 %","32.9 %",".245","6.7 %","15.0 %","3.81","4.04","5.70","13.9 %","39.2 %","33.0 %","27.8 %","9803"
"Corey Kluber","Indians","33","3.30","9.34","1.76","5.31","8.01","1.04","1.09",".291","1.29","22.4 %","43.7 %","33.9 %","9.1 %","12.5 %","35.0 %","66.0 %","47.9 %","56.9 %","88.1 %","74.8 %","41.7 %","63.5 %","12.1 %","25.7 %","4.9 %","15.6 %","47.7 %","36.7 %",".234","6.4 %","60.0 %","3.30","3.42","5.96","20.9 %","38.9 %","32.3 %","28.8 %","2429"
"Jameson Taillon","Pirates","27","3.35","8.24","2.13","3.87","8.40","0.95","1.17",".292","1.52","22.5 %","46.8 %","30.7 %","9.4 %","11.9 %","34.1 %","67.3 %","49.1 %","64.5 %","85.9 %","77.7 %","45.1 %","64.4 %","10.9 %","22.2 %","5.7 %","19.1 %","50.0 %","31.0 %",".242","6.8 %","42.9 %","3.62","3.83","4.53","16.4 %","39.4 %","36.6 %","24.0 %","11674"
"Mike Foltynewicz","Braves","27","3.38","9.37","3.25","2.88","6.80","1.16","1.12",".246","1.06","18.0 %","42.2 %","39.8 %","12.2 %","12.2 %","27.0 %","65.1 %","44.3 %","60.7 %","84.7 %","76.7 %","45.5 %","61.5 %","10.3 %","25.3 %","8.8 %","18.7 %","45.2 %","36.1 %",".203","5.6 %","14.3 %","4.04","3.96","4.96","16.5 %","42.0 %","33.1 %","24.9 %","10811"
"Luis Severino","Yankees","24","3.39","10.35","2.16","4.78","8.14","0.89","1.14",".314","1.25","25.9 %","41.1 %","33.0 %","10.2 %","11.4 %","32.7 %","68.3 %","49.6 %","61.1 %","82.5 %","75.1 %","47.4 %","69.0 %","12.4 %","28.2 %","5.9 %","19.5 %","45.4 %","35.2 %",".237","4.3 %","33.3 %","3.10","3.26","6.54","22.3 %","35.6 %","35.8 %","28.7 %","15890"
"Kyle Hendricks","Cubs","29","3.39","7.27","1.94","3.75","8.44","0.95","1.15",".285","1.45","21.9 %","46.2 %","31.9 %","10.0 %","11.3 %","32.4 %","59.3 %","44.5 %","70.0 %","86.1 %","79.7 %","45.2 %","65.4 %","9.0 %","19.8 %","5.3 %","21.3 %","47.3 %","31.4 %",".245","5.2 %","28.6 %","3.89","4.08","5.12","14.5 %","39.5 %","35.5 %","25.1 %","12049"
"Carlos Martinez","Cardinals","26","3.41","8.79","4.40","2.00","7.98","0.45","1.38",".298","1.58","18.9 %","49.6 %","31.4 %","14.8 %","5.7 %","31.7 %","64.6 %","46.9 %","64.1 %","86.7 %","78.5 %","46.2 %","60.5 %","10.1 %","22.0 %","11.0 %","20.6 %","41.8 %","37.6 %",".231","9.4 %","14.3 %","4.45","4.47","4.75","11.0 %","39.0 %","35.5 %","25.4 %","11682"
"Anibal Sanchez","- - -","35","3.43","8.90","3.27","2.72","7.72","1.07","1.22",".272","1.09","19.8 %","41.7 %","38.4 %","10.2 %","11.3 %","31.7 %","66.3 %","45.7 %","67.3 %","84.3 %","77.3 %","40.3 %","64.8 %","10.4 %","23.5 %","8.6 %","24.5 %","46.7 %","28.9 %",".224","6.4 %","26.7 %","4.14","4.16","3.63","14.8 %","41.1 %","30.7 %","28.3 %","3284"
"Caleb Smith","Marlins","27","3.45","10.98","3.25","3.38","6.63","1.17","1.10",".263","0.60","22.5 %","29.0 %","48.5 %","15.4 %","11.4 %","33.2 %","71.5 %","49.5 %","61.6 %","79.6 %","72.7 %","42.5 %","60.1 %","13.5 %","30.2 %","8.9 %","17.0 %","46.1 %","36.9 %",".202","5.6 %","40.0 %","3.82","3.60","3.87","21.3 %","41.0 %","28.4 %","30.6 %","14875"
"Noah Syndergaard","Mets","26","3.46","8.99","2.18","4.11","8.66","0.70","1.20",".318","1.71","21.6 %","49.5 %","28.9 %","9.6 %","9.6 %","34.6 %","69.9 %","49.7 %","58.3 %","84.5 %","74.0 %","42.7 %","60.8 %","12.9 %","24.1 %","5.9 %","24.9 %","51.0 %","24.1 %",".250","9.9 %","18.2 %","3.41","3.59","5.32","18.3 %","40.3 %","34.4 %","25.4 %","11762"
"Dereck Rodriguez","Giants","27","3.47","6.47","2.94","2.20","8.00","1.06","1.22",".260","1.12","23.5 %","40.4 %","36.1 %","10.2 %","10.8 %","28.5 %","66.3 %","44.7 %","71.0 %","88.0 %","81.8 %","42.9 %","56.1 %","8.1 %","17.2 %","7.8 %","11.4 %","47.0 %","41.5 %",".234","3.8 %","25.0 %","4.70","4.81","3.94","9.4 %","39.0 %","34.3 %","26.7 %","14509"
"Kyle Freeland","Rockies","26","3.50","7.74","3.32","2.33","8.23","1.02","1.28",".279","1.26","19.2 %","45.0 %","35.8 %","10.5 %","10.9 %","30.9 %","68.5 %","45.7 %","69.8 %","86.5 %","79.6 %","39.4 %","62.4 %","9.3 %","20.3 %","8.7 %","18.7 %","47.1 %","34.2 %",".238","7.1 %","28.6 %","4.42","4.49","4.59","11.6 %","39.2 %","38.0 %","22.8 %","16256"
"Rich Hill","Dodgers","39","3.52","10.15","2.50","4.07","7.49","1.47","1.11",".270","1.05","19.7 %","41.1 %","39.2 %","15.7 %","16.4 %","30.7 %","64.1 %","47.1 %","67.4 %","83.5 %","78.2 %","49.2 %","66.0 %","10.3 %","27.5 %","6.8 %","20.5 %","38.9 %","40.6 %",".221","7.2 %","30.8 %","3.60","3.50","6.01","20.7 %","42.0 %","32.2 %","25.8 %","4806"
"David Price","Red Sox","33","3.53","9.25","2.49","3.72","7.67","1.29","1.13",".275","1.04","20.5 %","40.5 %","39.0 %","13.2 %","13.6 %","31.0 %","68.7 %","47.6 %","67.9 %","84.7 %","78.6 %","44.1 %","63.3 %","10.2 %","25.3 %","6.8 %","19.7 %","47.3 %","33.1 %",".228","5.5 %","40.0 %","3.84","3.75","5.06","18.5 %","40.7 %","35.3 %","24.1 %","3184"
"Carlos Carrasco","Indians","32","3.54","10.81","1.81","5.98","8.44","1.17","1.14",".320","1.28","20.8 %","44.5 %","34.7 %","8.3 %","14.2 %","36.3 %","68.0 %","49.7 %","48.2 %","85.9 %","70.0 %","42.1 %","65.0 %","14.9 %","29.4 %","4.9 %","14.8 %","45.9 %","39.3 %",".243","5.7 %","20.0 %","3.00","3.06","5.16","24.5 %","41.2 %","33.9 %","24.9 %","6632"
"Jaime Barria","Angels","22","3.55","6.77","3.28","2.06","8.24","1.21","1.28",".273","0.85","19.3 %","37.0 %","43.8 %","13.1 %","10.3 %","31.5 %","66.9 %","45.5 %","65.9 %","85.4 %","77.2 %","39.5 %","55.8 %","10.4 %","18.1 %","8.8 %","16.2 %","46.5 %","37.3 %",".244","4.1 %","0.0 %","5.05","4.87","5.96","9.3 %","42.3 %","36.3 %","21.4 %","18356"
"Jack Flaherty","Cardinals","23","3.56","10.55","3.47","3.04","6.82","1.28","1.14",".263","1.12","22.2 %","41.1 %","36.7 %","14.2 %","15.8 %","30.3 %","67.0 %","45.6 %","55.5 %","81.3 %","71.3 %","41.8 %","58.3 %","13.1 %","28.6 %","9.4 %","20.8 %","41.9 %","37.3 %",".207","5.9 %","10.0 %","3.66","3.70","4.57","19.2 %","43.8 %","31.6 %","24.6 %","17479"
"Madison Bumgarner","Giants","29","3.57","8.12","2.54","3.20","8.45","1.08","1.22",".285","1.13","23.6 %","40.5 %","35.9 %","7.0 %","11.4 %","32.3 %","67.9 %","47.8 %","65.1 %","88.0 %","79.3 %","43.6 %","65.7 %","9.9 %","21.4 %","6.7 %","16.1 %","41.4 %","42.5 %",".241","7.0 %","16.7 %","4.10","4.17","3.15","14.8 %","45.6 %","34.4 %","19.9 %","5524"
"Masahiro Tanaka","Yankees","30","3.57","8.90","2.06","4.33","8.10","1.39","1.13",".282","1.41","19.9 %","46.8 %","33.3 %","9.6 %","16.8 %","36.1 %","69.3 %","49.5 %","58.4 %","85.1 %","73.4 %","40.3 %","68.0 %","13.2 %","24.4 %","5.6 %","17.0 %","44.8 %","38.3 %",".237","8.7 %","11.1 %","3.52","3.63","5.54","18.8 %","47.8 %","30.8 %","21.5 %","15764"
"Sean Manaea","Athletics","26","3.59","6.05","1.79","3.38","7.90","1.18","1.08",".247","1.26","21.1 %","44.0 %","35.0 %","9.4 %","12.3 %","34.0 %","69.0 %","50.8 %","64.6 %","89.5 %","80.8 %","48.1 %","64.4 %","9.7 %","16.5 %","4.9 %","15.8 %","46.6 %","37.6 %",".230","7.9 %","35.3 %","4.32","4.46","4.71","11.6 %","40.5 %","34.0 %","25.5 %","15873"
"Stephen Strasburg","Nationals","30","3.60","10.98","2.49","4.41","7.66","1.15","1.13",".297","1.44","20.7 %","46.8 %","32.5 %","6.9 %","15.7 %","34.1 %","62.9 %","46.2 %","57.1 %","83.0 %","71.9 %","41.9 %","62.9 %","13.0 %","29.8 %","6.8 %","18.6 %","50.1 %","31.3 %",".225","7.9 %","10.0 %","3.06","3.21","4.98","23.0 %","35.5 %","38.5 %","26.1 %","10131"
"CC Sabathia","Yankees","38","3.61","8.06","3.15","2.56","8.57","1.39","1.30",".278","1.13","19.3 %","42.9 %","37.9 %","12.7 %","13.6 %","34.0 %","67.6 %","47.5 %","65.5 %","87.4 %","78.1 %","40.4 %","61.5 %","10.4 %","20.7 %","8.1 %","24.7 %","43.1 %","32.2 %",".243","13.7 %","66.7 %","4.53","4.40","5.79","12.6 %","44.6 %","34.1 %","21.3 %","404"
"Edwin Jackson","- - -","35","3.62","6.53","3.44","1.90","7.76","1.24","1.25",".250","0.97","23.0 %","38.0 %","39.0 %","12.6 %","11.8 %","29.5 %","72.1 %","46.8 %","67.0 %","90.3 %","81.6 %","40.7 %","54.9 %","8.6 %","17.4 %","9.2 %","19.0 %","44.2 %","36.8 %",".229","5.2 %","20.0 %","4.89","4.97","5.12","8.2 %","43.2 %","35.8 %","21.0 %","1841"
"James Paxton","- - -","30","3.64","11.82","2.50","4.73","7.55","1.18","1.12",".306","0.93","20.7 %","38.3 %","41.0 %","10.7 %","13.3 %","34.9 %","70.7 %","52.0 %","55.3 %","81.9 %","72.6 %","47.8 %","66.0 %","14.3 %","32.5 %","6.9 %","16.6 %","49.1 %","34.4 %",".223","4.9 %","60.0 %","3.06","3.01","5.05","25.6 %","35.2 %","34.4 %","30.4 %","11828"
"Alex Wood","Dodgers","27","3.65","7.97","2.37","3.36","8.57","0.85","1.22",".295","1.72","22.2 %","49.2 %","28.6 %","6.4 %","11.2 %","35.9 %","67.8 %","48.5 %","64.9 %","89.0 %","78.2 %","39.5 %","69.1 %","10.6 %","21.1 %","6.3 %","14.8 %","46.7 %","38.4 %",".245","8.8 %","12.5 %","3.72","3.92","5.11","14.8 %","45.8 %","33.0 %","21.1 %","13781"
"German Marquez","Rockies","24","3.66","10.14","2.35","4.31","8.26","1.07","1.18",".308","1.70","22.4 %","48.9 %","28.7 %","6.8 %","15.6 %","31.6 %","65.7 %","47.7 %","49.4 %","85.6 %","72.9 %","47.1 %","65.5 %","12.9 %","27.2 %","6.3 %","16.3 %","46.1 %","37.7 %",".239","5.2 %","27.3 %","3.10","3.34","5.81","20.9 %","35.7 %","35.3 %","29.0 %","15038"
"Zack Wheeler","Mets","29","3.67","9.15","2.87","3.19","7.82","0.73","1.19",".293","1.31","20.3 %","45.2 %","34.5 %","12.3 %","8.8 %","32.6 %","68.1 %","48.4 %","67.6 %","84.2 %","78.0 %","44.6 %","62.6 %","10.7 %","24.6 %","7.7 %","21.7 %","52.3 %","26.0 %",".230","5.0 %","18.8 %","3.76","3.87","5.55","16.9 %","36.3 %","34.3 %","29.4 %","10310"
"Cole Hamels","- - -","34","3.68","8.95","3.14","2.85","8.23","1.30","1.26",".289","1.53","21.8 %","47.3 %","30.9 %","10.4 %","17.0 %","32.3 %","67.8 %","47.0 %","60.1 %","84.8 %","74.9 %","41.4 %","60.2 %","11.8 %","23.5 %","8.2 %","16.1 %","42.6 %","41.3 %",".241","8.3 %","40.0 %","3.90","4.00","3.79","15.3 %","44.9 %","34.0 %","21.1 %","4972"
"Brad Keller","Royals","23","3.69","6.30","4.13","1.52","8.26","0.44","1.38",".289","1.91","21.4 %","51.5 %","27.0 %","10.0 %","6.0 %","30.2 %","67.3 %","44.7 %","64.4 %","91.6 %","80.4 %","39.2 %","58.5 %","8.8 %","16.4 %","10.8 %","18.6 %","47.1 %","34.3 %",".244","5.6 %","60.0 %","4.68","5.02","4.92","5.6 %","43.8 %","32.0 %","24.3 %","15734"
"Zach Davies","Brewers","26","3.70","6.44","2.81","2.29","8.80","1.04","1.29",".289","1.36","22.1 %","45.0 %","33.0 %","5.8 %","11.6 %","29.9 %","67.4 %","43.7 %","72.0 %","88.9 %","81.6 %","36.8 %","57.5 %","8.0 %","17.1 %","7.5 %","15.4 %","47.1 %","37.5 %",".256","6.7 %","22.2 %","4.54","4.71","3.92","9.7 %","43.6 %","36.2 %","20.2 %","13183"
"Chase Anderson","Brewers","31","3.72","7.34","3.46","2.12","7.29","1.57","1.19",".237","0.78","22.2 %","34.1 %","43.7 %","14.4 %","14.4 %","30.5 %","69.4 %","46.6 %","71.8 %","85.7 %","80.4 %","41.4 %","62.8 %","9.1 %","19.9 %","9.4 %","20.7 %","42.9 %","36.4 %",".221","6.7 %","18.2 %","4.83","4.75","4.67","10.5 %","39.7 %","32.7 %","27.6 %","6895"
"Robbie Ray","Diamondbacks","27","3.73","11.84","5.05","2.34","7.09","1.17","1.35",".295","1.08","21.6 %","40.8 %","37.6 %","9.8 %","15.0 %","30.3 %","62.4 %","42.6 %","52.1 %","84.2 %","70.2 %","38.4 %","57.6 %","12.7 %","30.8 %","13.2 %","15.4 %","40.2 %","44.3 %",".215","6.6 %","12.5 %","3.78","3.97","5.82","17.7 %","41.0 %","32.3 %","26.8 %","11486"
"Jose Berrios","Twins","25","3.73","9.21","2.53","3.64","7.73","1.20","1.14",".276","1.02","20.5 %","40.2 %","39.3 %","11.4 %","12.5 %","33.3 %","66.3 %","47.7 %","63.2 %","86.0 %","77.0 %","43.4 %","64.7 %","11.0 %","24.8 %","6.8 %","20.9 %","44.8 %","34.3 %",".227","5.8 %","37.5 %","3.94","3.81","5.20","18.0 %","42.5 %","30.9 %","26.6 %","14168"
"Mike Minor","Rangers","31","3.74","8.08","2.35","3.43","7.75","1.26","1.12",".266","0.83","20.1 %","36.2 %","43.7 %","13.5 %","11.3 %","32.6 %","68.0 %","47.7 %","70.1 %","83.2 %","78.1 %","42.7 %","59.4 %","10.5 %","22.1 %","6.5 %","19.8 %","42.9 %","37.3 %",".230","6.6 %","20.0 %","4.38","4.15","5.32","15.7 %","40.7 %","38.1 %","21.2 %","10021"
"Kenta Maeda","Dodgers","31","3.74","10.13","3.40","2.98","7.81","0.96","1.25",".296","1.07","24.5 %","39.1 %","36.5 %","7.2 %","11.2 %","32.7 %","68.5 %","48.2 %","53.8 %","82.1 %","71.3 %","43.4 %","66.3 %","13.9 %","26.8 %","9.0 %","20.0 %","43.2 %","36.9 %",".228","8.0 %","22.2 %","3.71","3.84","4.81","17.8 %","41.8 %","32.2 %","26.1 %","18498"
"Dallas Keuchel","Astros","30","3.74","6.73","2.55","2.64","9.28","0.79","1.31",".300","2.20","22.0 %","53.7 %","24.4 %","8.8 %","11.3 %","33.0 %","65.4 %","45.1 %","72.6 %","89.2 %","81.6 %","37.5 %","60.1 %","8.3 %","17.5 %","6.6 %","22.4 %","49.5 %","28.1 %",".259","7.7 %","40.0 %","3.84","4.15","4.66","10.9 %","44.9 %","31.9 %","23.2 %","9434"
"Jhoulys Chacin","Brewers","31","3.74","7.11","3.44","2.06","7.30","1.00","1.19",".248","1.11","21.7 %","41.2 %","37.1 %","9.4 %","10.5 %","26.6 %","63.3 %","42.8 %","65.6 %","88.8 %","80.7 %","44.1 %","58.4 %","8.3 %","19.0 %","9.2 %","18.5 %","43.7 %","37.8 %",".218","4.9 %","31.8 %","4.69","4.75","4.37","9.8 %","43.7 %","33.6 %","22.8 %","2608"
"Mike Fiers","- - -","33","3.75","7.06","2.23","3.16","8.34","1.60","1.17",".260","0.93","16.4 %","40.3 %","43.3 %","11.2 %","13.6 %","29.8 %","66.4 %","46.4 %","72.4 %","87.5 %","82.2 %","45.3 %","65.4 %","8.3 %","18.9 %","6.0 %","15.1 %","45.9 %","39.1 %",".241","6.5 %","33.3 %","4.70","4.44","4.71","12.9 %","44.7 %","31.7 %","23.6 %","7754"
"Luis Castillo","Reds","26","3.77","9.35","2.96","3.16","7.58","1.27","1.17",".272","1.60","20.3 %","49.0 %","30.7 %","8.9 %","17.3 %","32.7 %","68.6 %","47.8 %","56.4 %","80.6 %","71.0 %","42.0 %","58.6 %","13.9 %","25.2 %","8.0 %","19.8 %","43.6 %","36.5 %",".224","4.9 %","23.1 %","3.55","3.76","4.73","17.2 %","40.0 %","36.7 %","23.3 %","15689"
"Kyle Gibson","Twins","31","3.79","8.38","3.35","2.50","8.27","1.13","1.29",".289","1.76","23.0 %","49.1 %","27.9 %","10.3 %","16.0 %","32.1 %","66.3 %","44.5 %","56.7 %","88.2 %","73.7 %","36.2 %","59.8 %","11.7 %","22.2 %","8.9 %","17.8 %","43.2 %","39.1 %",".242","6.7 %","23.1 %","3.81","4.15","4.55","13.3 %","45.7 %","33.7 %","20.6 %","10123"
"Marco Gonzales","Mariners","27","3.82","7.38","1.95","3.78","9.33","0.92","1.25",".313","1.35","22.9 %","44.3 %","32.8 %","10.2 %","10.2 %","34.8 %","64.6 %","48.0 %","73.2 %","86.4 %","81.1 %","44.3 %","66.4 %","9.1 %","19.7 %","5.2 %","16.1 %","48.9 %","35.0 %",".266","9.7 %","50.0 %","3.99","4.12","4.82","14.5 %","44.9 %","35.3 %","19.8 %","15467"
"Zach Eflin","Phillies","25","3.84","8.05","2.37","3.40","8.91","1.14","1.25",".297","1.07","18.6 %","42.1 %","39.3 %","10.0 %","10.9 %","30.4 %","67.9 %","47.6 %","67.4 %","84.7 %","78.7 %","45.8 %","66.4 %","10.1 %","21.2 %","6.2 %","19.4 %","50.4 %","30.2 %",".252","6.8 %","29.4 %","4.24","4.16","5.73","14.9 %","37.6 %","36.4 %","26.0 %","13774"
"Julio Teheran","Braves","28","3.87","8.51","4.29","1.98","6.46","1.29","1.19",".227","0.93","20.1 %","38.5 %","41.4 %","9.3 %","13.2 %","28.5 %","66.8 %","43.0 %","61.7 %","82.2 %","73.8 %","38.0 %","60.5 %","11.3 %","22.8 %","11.5 %","18.3 %","43.8 %","37.9 %",".198","3.3 %","16.7 %","4.67","4.64","3.99","11.3 %","40.4 %","36.7 %","22.9 %","6797"
"Shane Bieber","Indians","24","3.89","9.94","1.84","5.41","8.96","1.13","1.20",".324","1.26","21.0 %","44.0 %","35.0 %","7.4 %","12.9 %","32.0 %","62.9 %","45.8 %","54.1 %","85.0 %","73.1 %","44.8 %","64.5 %","12.3 %","26.7 %","4.9 %","12.2 %","44.8 %","43.1 %",".254","8.3 %","66.7 %","3.29","3.36","6.05","21.7 %","36.5 %","34.8 %","28.8 %","19427"
"Jake Arrieta","Phillies","33","3.91","7.25","3.14","2.30","8.63","1.11","1.31",".290","1.80","19.5 %","51.7 %","28.7 %","8.0 %","14.5 %","29.6 %","63.0 %","45.0 %","70.5 %","89.4 %","82.7 %","45.9 %","62.4 %","7.8 %","19.2 %","8.3 %","18.8 %","51.0 %","30.3 %",".251","6.1 %","25.0 %","4.17","4.38","4.91","10.8 %","40.1 %","37.4 %","22.6 %","4153"
"Jose Quintana","Cubs","30","3.91","8.06","3.28","2.46","8.26","1.27","1.28",".278","1.36","22.2 %","44.9 %","32.9 %","7.0 %","15.0 %","28.3 %","61.8 %","42.8 %","66.9 %","88.4 %","80.3 %","43.2 %","65.9 %","8.4 %","21.3 %","8.7 %","15.7 %","49.6 %","34.6 %",".240","4.1 %","23.5 %","4.08","4.34","4.82","12.6 %","35.5 %","35.8 %","28.6 %","11423"
"Lance McCullers Jr.","Astros","24","3.93","9.86","3.57","2.76","7.14","0.86","1.19",".281","2.01","18.0 %","54.8 %","27.2 %","5.7 %","13.6 %","32.2 %","63.5 %","45.0 %","51.3 %","84.1 %","70.3 %","41.0 %","59.4 %","13.4 %","26.5 %","9.6 %","19.1 %","47.7 %","33.2 %",".216","8.5 %","0.0 %","3.48","3.69","5.00","16.9 %","45.5 %","33.5 %","20.9 %","14120"
"Sean Newcomb","Braves","26","3.94","8.40","4.51","1.86","7.79","0.92","1.37",".279","1.20","20.0 %","43.6 %","36.5 %","11.7 %","10.1 %","28.0 %","67.1 %","44.1 %","68.2 %","84.7 %","78.5 %","41.1 %","54.7 %","9.5 %","21.8 %","11.7 %","18.3 %","47.6 %","34.1 %",".230","4.2 %","28.6 %","4.52","4.70","5.64","10.1 %","35.7 %","34.5 %","29.7 %","16943"
"Gio Gonzalez","- - -","32","3.97","7.62","4.01","1.90","8.57","0.82","1.40",".297","1.43","22.8 %","45.5 %","31.7 %","8.2 %","9.8 %","28.9 %","65.9 %","43.1 %","66.6 %","85.3 %","77.6 %","38.4 %","54.0 %","9.7 %","19.7 %","10.4 %","17.0 %","51.7 %","31.4 %",".248","6.4 %","10.0 %","4.39","4.71","4.70","9.3 %","44.2 %","32.9 %","22.9 %","7448"
"Steven Matz","Mets","28","3.97","8.88","3.22","2.75","8.03","1.59","1.25",".268","1.34","15.7 %","48.2 %","36.1 %","7.3 %","17.6 %","24.6 %","63.4 %","43.5 %","65.7 %","84.2 %","78.8 %","48.6 %","56.7 %","9.2 %","23.2 %","8.4 %","17.3 %","47.9 %","34.8 %",".233","7.4 %","28.6 %","4.12","4.09","3.88","14.8 %","37.2 %","36.6 %","26.2 %","13361"
"Jake Odorizzi","Twins","29","3.98","8.86","3.69","2.40","7.79","0.99","1.27",".280","0.58","23.1 %","28.1 %","48.8 %","12.8 %","8.3 %","31.5 %","70.5 %","46.8 %","69.9 %","83.0 %","77.7 %","39.4 %","57.3 %","10.5 %","23.2 %","9.7 %","19.5 %","43.6 %","36.9 %",".228","3.6 %","50.0 %","4.80","4.51","4.64","13.6 %","35.4 %","31.5 %","33.1 %","6397"
"Joe Musgrove","Pirates","26","3.98","7.69","2.15","3.58","8.28","0.75","1.16",".285","1.32","20.4 %","45.4 %","34.3 %","10.0 %","8.2 %","35.3 %","68.0 %","51.3 %","61.5 %","86.5 %","77.6 %","48.8 %","66.3 %","11.5 %","20.4 %","5.7 %","19.0 %","46.4 %","34.6 %",".237","8.0 %","30.0 %","4.09","4.11","3.76","14.7 %","42.9 %","33.0 %","24.1 %","12970"
"J.A. Happ","- - -","35","3.99","9.12","2.50","3.64","8.02","1.57","1.17",".273","0.95","17.7 %","40.1 %","42.3 %","13.3 %","14.8 %","31.4 %","71.5 %","47.6 %","66.2 %","86.5 %","78.5 %","40.4 %","61.0 %","10.2 %","24.5 %","6.7 %","20.5 %","46.5 %","33.0 %",".234","7.8 %","25.0 %","4.12","3.85","5.87","17.7 %","37.2 %","35.8 %","27.1 %","7410"
"Kevin Gausman","- - -","27","4.00","7.69","2.68","2.87","8.94","1.20","1.29",".296","1.35","20.7 %","45.5 %","33.7 %","10.3 %","13.2 %","34.3 %","69.9 %","49.2 %","64.8 %","84.3 %","76.4 %","41.9 %","58.6 %","11.6 %","20.2 %","7.0 %","17.3 %","48.7 %","34.0 %",".255","3.5 %","50.0 %","4.16","4.26","4.43","13.2 %","35.5 %","34.5 %","30.0 %","14107"
"Felix Pena","Angels","29","4.02","8.13","2.93","2.77","7.97","1.17","1.21",".274","1.18","24.1 %","41.0 %","34.9 %","7.5 %","13.1 %","30.4 %","62.2 %","43.8 %","59.3 %","86.6 %","75.6 %","42.0 %","60.6 %","10.7 %","21.6 %","7.8 %","16.1 %","44.2 %","39.7 %",".233","4.8 %","33.3 %","4.21","4.24","3.86","13.8 %","39.4 %","34.2 %","26.5 %","13403"
"Wade LeBlanc","Mariners","34","4.05","7.13","2.38","3.00","8.80","1.51","1.24",".277","0.84","20.9 %","36.0 %","43.1 %","6.4 %","12.7 %","33.4 %","63.8 %","45.7 %","72.2 %","85.0 %","79.4 %","40.6 %","62.3 %","9.4 %","19.0 %","6.3 %","16.9 %","50.8 %","32.4 %",".252","7.6 %","60.0 %","4.62","4.49","5.62","12.7 %","44.2 %","33.7 %","22.1 %","5221"
"Michael Wacha","Cardinals","27","4.05","7.83","4.47","1.75","8.11","1.24","1.40",".270","1.46","27.7 %","42.9 %","29.3 %","7.1 %","16.1 %","27.8 %","69.2 %","45.1 %","70.3 %","84.9 %","79.7 %","41.8 %","54.4 %","9.2 %","20.0 %","11.4 %","14.4 %","43.7 %","41.9 %",".235","5.5 %","28.6 %","4.42","4.86","6.46","8.6 %","49.4 %","29.1 %","21.6 %","14078"
"Jose Urena","Marlins","27","4.06","6.54","2.67","2.45","8.59","1.01","1.25",".285","1.59","18.1 %","50.4 %","31.6 %","9.5 %","11.7 %","33.1 %","69.8 %","47.4 %","73.9 %","86.7 %","81.3 %","39.0 %","58.5 %","8.9 %","17.5 %","7.2 %","14.6 %","46.0 %","39.4 %",".252","5.6 %","40.0 %","4.39","4.49","3.52","10.4 %","45.7 %","34.1 %","20.2 %","11589"
"Tanner Roark","- - -","32","4.09","7.63","2.84","2.68","8.91","0.97","1.31",".303","1.05","23.4 %","39.2 %","37.4 %","10.5 %","9.7 %","30.0 %","67.8 %","45.1 %","69.5 %","89.4 %","81.5 %","40.0 %","59.8 %","8.4 %","20.0 %","7.4 %","18.6 %","50.6 %","30.8 %",".256","4.4 %","18.2 %","4.45","4.44","4.90","12.5 %","37.8 %","34.6 %","27.6 %","8753"
"Matthew Boyd","Tigers","28","4.13","9.04","2.49","3.63","7.56","1.32","1.12",".263","0.64","20.2 %","31.1 %","48.7 %","10.7 %","11.0 %","30.7 %","68.2 %","47.0 %","64.0 %","84.0 %","76.7 %","43.6 %","60.1 %","11.0 %","24.3 %","6.7 %","19.5 %","43.1 %","37.4 %",".222","6.1 %","50.0 %","4.43","4.01","4.25","17.6 %","41.3 %","33.5 %","25.1 %","15440"
"Nathan Eovaldi","- - -","28","4.14","7.92","2.03","3.90","8.63","1.40","1.18",".281","1.33","18.4 %","46.5 %","35.1 %","13.3 %","14.8 %","32.8 %","72.6 %","51.9 %","65.6 %","87.1 %","80.1 %","48.0 %","64.2 %","10.3 %","21.2 %","5.4 %","18.1 %","46.8 %","35.1 %",".246","8.4 %","50.0 %","3.94","3.96","3.86","15.8 %","37.5 %","35.7 %","26.9 %","9132"
"Joey Lucchesi","Padres","26","4.14","9.64","2.83","3.41","8.73","1.41","1.28",".306","1.49","21.4 %","47.0 %","31.6 %","7.1 %","18.1 %","29.3 %","64.1 %","44.3 %","58.1 %","86.9 %","76.0 %","43.1 %","57.9 %","10.6 %","25.4 %","7.4 %","19.8 %","41.7 %","38.5 %",".250","8.2 %","30.0 %","3.50","3.71","5.20","17.9 %","36.3 %","36.9 %","26.8 %","19320"
"Andrew Heaney","Angels","27","4.15","9.00","2.25","4.00","8.55","1.35","1.20",".294","1.17","23.7 %","41.2 %","35.1 %","12.9 %","15.2 %","33.5 %","67.9 %","48.2 %","61.0 %","85.1 %","75.5 %","42.7 %","65.2 %","11.8 %","24.0 %","6.0 %","21.1 %","40.5 %","38.4 %",".246","6.7 %","55.6 %","3.68","3.74","3.70","18.0 %","39.0 %","32.6 %","28.5 %","15423"
"Reynaldo Lopez","White Sox","25","4.19","7.54","3.68","2.05","8.24","1.32","1.32",".271","0.65","19.1 %","31.8 %","49.0 %","15.2 %","10.1 %","27.5 %","70.6 %","47.0 %","68.3 %","84.9 %","79.6 %","45.2 %","59.5 %","9.6 %","19.6 %","9.6 %","20.2 %","45.3 %","34.6 %",".240","6.1 %","33.3 %","5.33","4.93","3.38","10.0 %","36.2 %","34.4 %","29.4 %","16400"
"Luke Weaver","- - -","25","4.19","8.58","2.94","2.92","8.97","1.06","1.32",".307","1.15","21.7 %","41.8 %","36.5 %","13.6 %","11.1 %","29.0 %","69.1 %","46.1 %","65.9 %","85.1 %","78.2 %","42.7 %","60.7 %","10.1 %","22.2 %","7.6 %","16.9 %","46.0 %","37.1 %",".253","4.4 %","18.2 %","4.14","4.18","4.58","14.6 %","35.6 %","34.2 %","30.2 %","16918"
"Jeremy Hellickson","Nationals","32","4.21","6.66","2.81","2.38","8.56","1.33","1.26",".270","1.26","21.4 %","43.9 %","34.7 %","17.6 %","14.0 %","30.6 %","62.8 %","44.6 %","74.9 %","87.7 %","82.7 %","43.4 %","64.5 %","7.7 %","17.5 %","7.4 %","23.3 %","49.0 %","27.8 %",".246","6.4 %","25.0 %","4.64","4.67","5.12","10.1 %","42.3 %","34.3 %","23.5 %","4371"
"Derek Holland","Giants","32","4.22","8.94","3.85","2.32","8.25","1.28","1.34",".287","1.05","22.8 %","39.5 %","37.7 %","10.8 %","13.8 %","29.5 %","66.6 %","45.6 %","66.1 %","84.4 %","77.7 %","43.4 %","62.5 %","10.2 %","23.2 %","10.0 %","18.0 %","43.1 %","39.0 %",".239","6.1 %","5.6 %","4.27","4.36","4.08","13.2 %","41.5 %","33.9 %","24.6 %","4141"
"Tyler Skaggs","Angels","27","4.27","9.13","2.97","3.07","9.18","1.08","1.35",".325","1.16","22.7 %","41.5 %","35.8 %","11.8 %","11.8 %","31.5 %","66.6 %","46.4 %","66.8 %","84.1 %","77.4 %","42.4 %","61.9 %","10.5 %","23.7 %","7.7 %","15.2 %","43.8 %","41.1 %",".261","9.1 %","14.3 %","3.96","4.01","4.37","16.0 %","44.0 %","30.3 %","25.7 %","10190"
"Junior Guerra","Brewers","33","4.27","8.53","3.67","2.33","9.33","1.27","1.44",".314","1.15","20.8 %","42.4 %","36.8 %","12.4 %","13.1 %","29.2 %","70.0 %","46.9 %","62.7 %","86.4 %","78.0 %","43.3 %","63.1 %","10.3 %","21.7 %","9.3 %","16.4 %","45.7 %","38.0 %",".263","7.8 %","22.2 %","4.35","4.40","3.47","12.4 %","40.9 %","35.2 %","23.8 %","5702"
"Antonio Senzatela","Rockies","24","4.27","6.45","3.14","2.05","9.03","1.21","1.35",".287","1.54","22.9 %","46.7 %","30.4 %","10.4 %","14.2 %","24.5 %","67.8 %","42.8 %","67.2 %","88.8 %","81.7 %","42.2 %","58.1 %","7.9 %","16.8 %","8.2 %","19.6 %","42.8 %","37.7 %",".259","2.5 %","25.0 %","4.46","4.75","4.59","8.6 %","40.2 %","35.1 %","24.7 %","15488"
"Eduardo Rodriguez","Red Sox","26","4.30","10.01","3.13","3.19","8.85","1.11","1.33",".319","1.06","21.3 %","40.6 %","38.2 %","4.7 %","11.6 %","32.8 %","69.0 %","47.1 %","63.0 %","84.7 %","75.6 %","39.4 %","62.5 %","11.5 %","25.8 %","8.1 %","20.5 %","52.6 %","26.9 %",".250","11.9 %","50.0 %","3.89","3.85","6.83","17.7 %","36.7 %","38.3 %","25.1 %","13164"
"Rick Porcello","Red Sox","30","4.32","8.60","2.43","3.54","8.42","1.34","1.21",".281","1.13","19.3 %","42.8 %","37.8 %","9.9 %","13.5 %","30.4 %","65.9 %","47.0 %","69.3 %","88.4 %","81.8 %","46.8 %","67.0 %","8.6 %","22.5 %","6.4 %","20.3 %","47.0 %","32.7 %",".240","8.4 %","16.7 %","4.15","3.99","6.53","16.2 %","42.7 %","37.4 %","19.9 %","2717"
"Brett Anderson","Athletics","31","4.34","5.01","2.21","2.27","9.62","0.94","1.31",".293","2.06","19.6 %","54.1 %","26.3 %","5.9 %","11.9 %","31.7 %","66.3 %","46.4 %","72.3 %","90.2 %","83.2 %","42.6 %","57.4 %","7.8 %","13.2 %","5.8 %","16.4 %","48.0 %","35.6 %",".270","6.6 %","33.3 %","4.38","4.63","6.62","7.4 %","42.1 %","36.5 %","21.4 %","8223"
"Daniel Mengden","Athletics","26","4.40","5.73","2.16","2.65","8.22","1.41","1.15",".245","1.04","23.1 %","39.2 %","37.8 %","9.9 %","13.0 %","30.2 %","67.5 %","47.7 %","71.4 %","89.6 %","83.5 %","46.8 %","63.7 %","7.9 %","15.4 %","5.8 %","14.8 %","45.2 %","40.1 %",".235","6.6 %","20.0 %","4.68","4.81","5.32","9.6 %","47.2 %","32.7 %","20.2 %","16980"
"Carlos Rodon","White Sox","26","4.40","7.88","4.17","1.89","7.53","1.10","1.30",".259","1.00","16.4 %","41.8 %","41.8 %","10.2 %","10.2 %","28.4 %","68.6 %","45.5 %","61.2 %","87.9 %","78.4 %","42.6 %","57.1 %","9.8 %","20.3 %","10.8 %","15.7 %","52.1 %","32.2 %",".223","7.5 %","50.0 %","5.06","4.82","4.64","9.6 %","43.2 %","32.9 %","23.9 %","16137"
"Trevor Richards","Marlins","26","4.42","8.95","4.11","2.18","8.33","1.23","1.38",".291","0.87","22.7 %","35.9 %","41.4 %","6.4 %","11.9 %","31.1 %","67.1 %","45.4 %","63.5 %","83.6 %","75.3 %","39.9 %","60.1 %","11.2 %","22.9 %","10.5 %","13.5 %","47.4 %","39.2 %",".241","5.7 %","20.0 %","4.65","4.52","3.45","12.4 %","43.0 %","33.1 %","23.9 %","19309"
"Mike Leake","Mariners","31","4.45","6.03","1.66","3.64","10.34","1.36","1.33",".309","1.55","21.2 %","47.9 %","30.9 %","6.7 %","14.6 %","34.0 %","68.2 %","49.5 %","72.9 %","91.6 %","84.6 %","45.2 %","65.6 %","7.6 %","15.7 %","4.3 %","16.0 %","46.7 %","37.3 %",".284","5.1 %","33.3 %","4.23","4.38","4.71","11.4 %","46.4 %","33.3 %","20.2 %","10130"
"Eric Lauer","Padres","24","4.46","7.89","3.27","2.42","9.96","1.20","1.47",".323","1.12","24.2 %","40.1 %","35.7 %","8.3 %","12.2 %","27.9 %","67.6 %","46.4 %","71.7 %","87.4 %","82.4 %","46.7 %","60.5 %","8.2 %","19.8 %","8.2 %","17.1 %","43.5 %","39.4 %",".275","9.9 %","18.8 %","4.48","4.54","4.03","11.6 %","37.3 %","34.4 %","28.3 %","19316"
"Marcus Stroman","Blue Jays","28","4.49","7.14","3.30","2.16","9.52","0.70","1.42",".318","2.79","18.0 %","60.4 %","21.6 %","4.5 %","11.6 %","29.1 %","64.9 %","43.7 %","59.0 %","90.2 %","77.9 %","40.9 %","59.6 %","9.6 %","18.3 %","8.5 %","20.0 %","44.4 %","35.6 %",".267","7.3 %","42.9 %","3.86","4.15","3.46","9.9 %","46.1 %","32.6 %","21.3 %","13431"
"Andrew Suarez","Giants","26","4.49","7.30","2.65","2.76","9.04","1.35","1.30",".297","1.89","22.1 %","51.0 %","26.9 %","6.0 %","18.8 %","29.8 %","66.0 %","45.5 %","72.5 %","90.0 %","83.5 %","43.4 %","61.6 %","7.5 %","19.6 %","7.1 %","17.1 %","42.2 %","40.8 %",".262","6.0 %","22.2 %","3.80","4.12","3.84","12.5 %","41.6 %","35.0 %","23.5 %","18300"
"James Shields","White Sox","36","4.50","6.79","3.35","2.03","8.29","1.50","1.29",".260","0.83","21.7 %","35.4 %","42.9 %","10.9 %","12.8 %","30.0 %","67.6 %","45.3 %","62.2 %","87.0 %","77.2 %","40.6 %","56.9 %","10.3 %","17.8 %","8.8 %","15.8 %","50.6 %","33.6 %",".241","3.2 %","50.0 %","5.05","4.91","4.46","9.0 %","47.0 %","32.8 %","20.3 %","7059"
"Aaron Sanchez","Blue Jays","26","4.50","7.83","4.94","1.58","8.78","0.94","1.52",".303","1.60","19.5 %","49.5 %","31.0 %","6.7 %","11.4 %","27.4 %","67.4 %","43.7 %","62.5 %","85.8 %","77.1 %","40.7 %","58.7 %","10.0 %","19.4 %","12.3 %","19.5 %","46.1 %","34.4 %",".254","2.5 %","0.0 %","4.89","4.99","4.72","7.2 %","38.4 %","38.0 %","23.7 %","11490"
"Tyler Mahle","Reds","24","4.52","9.04","3.53","2.56","9.59","1.60","1.46",".319","1.15","25.6 %","39.9 %","34.5 %","8.0 %","17.9 %","29.4 %","66.6 %","46.6 %","67.0 %","85.1 %","78.9 %","46.1 %","63.9 %","9.8 %","22.9 %","9.0 %","13.3 %","45.6 %","41.1 %",".269","5.9 %","30.8 %","4.08","4.26","3.25","14.0 %","38.0 %","33.2 %","28.8 %","16358"
"Chris Archer","- - -","29","4.55","9.73","3.28","2.97","9.20","1.27","1.39",".327","1.20","22.6 %","42.2 %","35.2 %","9.9 %","14.4 %","32.3 %","68.0 %","47.9 %","55.9 %","83.4 %","72.9 %","43.5 %","61.1 %","13.0 %","25.0 %","8.4 %","17.4 %","42.7 %","39.9 %",".261","5.1 %","12.5 %","3.87","3.93","4.65","16.6 %","38.3 %","36.2 %","25.5 %","6345"
"Pablo Lopez","Marlins","23","4.56","8.02","2.62","3.06","8.35","1.10","1.22",".288","1.79","20.0 %","51.3 %","28.7 %","13.5 %","14.6 %","33.1 %","67.7 %","48.2 %","65.5 %","85.2 %","77.5 %","43.5 %","60.2 %","10.8 %","21.3 %","6.9 %","19.2 %","48.7 %","32.1 %",".243","5.0 %","50.0 %","3.93","4.01","3.21","14.3 %","47.8 %","29.5 %","22.8 %","17085"
"Francisco Liriano","Tigers","34","4.65","7.45","4.92","1.51","8.54","1.30","1.50",".284","1.60","21.6 %","48.3 %","30.1 %","6.0 %","16.4 %","29.1 %","63.8 %","41.6 %","64.4 %","85.0 %","75.8 %","36.0 %","53.6 %","10.1 %","18.9 %","12.5 %","16.6 %","49.2 %","34.2 %",".250","5.4 %","28.6 %","4.71","5.04","4.65","6.4 %","39.3 %","31.4 %","29.3 %","3201"
"Danny Duffy","Royals","30","4.66","8.04","3.97","2.02","9.31","1.23","1.48",".307","0.88","22.2 %","36.4 %","41.4 %","9.1 %","10.8 %","28.5 %","69.0 %","46.5 %","64.4 %","87.0 %","79.3 %","44.5 %","59.3 %","9.6 %","20.2 %","10.0 %","16.5 %","47.1 %","36.4 %",".261","6.9 %","0.0 %","4.90","4.76","5.98","10.2 %","41.9 %","32.2 %","25.9 %","3542"
"Domingo German","Yankees","26","4.66","9.76","3.11","3.14","7.69","1.33","1.20",".269","1.01","21.4 %","39.5 %","39.2 %","10.6 %","13.6 %","35.3 %","65.5 %","48.1 %","54.5 %","82.6 %","70.8 %","42.5 %","60.4 %","14.1 %","25.5 %","8.1 %","18.1 %","43.8 %","38.2 %",".221","12.0 %","0.0 %","4.03","3.91","6.36","17.4 %","52.7 %","27.2 %","20.1 %","17149"
"Ian Kennedy","Royals","33","4.66","7.90","3.01","2.63","9.40","1.50","1.38",".298","0.68","26.3 %","29.9 %","43.8 %","9.4 %","12.5 %","30.4 %","68.1 %","46.8 %","73.8 %","87.3 %","82.4 %","43.4 %","62.7 %","8.3 %","20.3 %","7.7 %","16.7 %","43.8 %","39.5 %",".262","6.4 %","14.3 %","4.64","4.55","3.76","12.6 %","38.2 %","30.9 %","30.9 %","6986"
"Jakob Junis","Royals","26","4.69","8.17","2.48","3.30","9.45","1.63","1.33",".302","1.20","20.9 %","43.1 %","36.0 %","8.3 %","16.5 %","31.2 %","64.0 %","45.8 %","61.5 %","90.1 %","79.3 %","44.5 %","62.7 %","9.5 %","21.0 %","6.4 %","15.5 %","43.0 %","41.5 %",".265","7.2 %","16.7 %","4.25","4.15","4.69","14.6 %","42.1 %","33.5 %","24.5 %","13619"
"Michael Fulmer","Tigers","25","4.69","7.48","3.13","2.39","8.71","1.29","1.31",".288","1.31","22.1 %","44.2 %","33.7 %","10.7 %","14.5 %","33.6 %","70.3 %","50.0 %","67.6 %","85.7 %","79.0 %","44.9 %","62.7 %","10.5 %","19.7 %","8.2 %","15.6 %","44.8 %","39.6 %",".252","5.2 %","25.0 %","4.29","4.45","2.58","11.5 %","45.3 %","31.7 %","22.9 %","13218"
"Trevor Cahill","- - -","31","4.70","7.90","3.25","2.43","8.01","1.28","1.25",".271","1.60","20.0 %","49.2 %","30.8 %","4.4 %","16.3 %","28.4 %","65.6 %","44.2 %","53.8 %","87.1 %","74.8 %","42.5 %","58.1 %","11.1 %","21.0 %","8.6 %","14.5 %","43.7 %","41.9 %",".235","2.3 %","30.0 %","4.13","4.31","5.05","12.3 %","46.3 %","36.1 %","17.6 %","6249"
"Vince Velasquez","Phillies","27","4.73","9.77","3.75","2.60","8.38","1.18","1.35",".306","0.88","20.9 %","37.1 %","42.0 %","10.8 %","11.8 %","28.3 %","67.5 %","46.3 %","63.0 %","82.9 %","76.2 %","45.7 %","58.3 %","11.0 %","25.2 %","9.7 %","15.6 %","49.7 %","34.7 %",".243","6.4 %","17.6 %","4.27","4.12","3.96","15.5 %","39.1 %","35.3 %","25.6 %","11189"
"Tyson Ross","- - -","31","4.76","7.43","3.94","1.89","8.58","1.26","1.39",".282","1.69","26.1 %","46.5 %","27.5 %","6.6 %","16.9 %","30.1 %","60.8 %","42.1 %","66.6 %","91.1 %","80.4 %","39.0 %","58.0 %","8.3 %","19.0 %","10.1 %","19.2 %","43.3 %","37.5 %",".247","7.8 %","25.0 %","4.36","4.69","3.72","9.0 %","44.1 %","32.1 %","23.9 %","7872"
"Jordan Zimmermann","Tigers","33","4.79","7.35","2.06","3.57","9.46","1.89","1.28",".284","0.84","21.2 %","36.1 %","42.7 %","10.1 %","15.6 %","32.6 %","68.4 %","47.4 %","67.8 %","89.7 %","80.9 %","41.5 %","64.3 %","9.1 %","19.3 %","5.4 %","15.2 %","47.4 %","37.4 %",".264","6.5 %","0.0 %","4.52","4.37","5.07","13.9 %","37.2 %","37.0 %","25.7 %","4505"
"Wei-Yin Chen","Marlins","32","4.79","7.49","3.17","2.36","8.84","1.28","1.34",".284","0.86","19.9 %","37.0 %","43.2 %","12.1 %","10.9 %","28.7 %","67.9 %","45.0 %","71.0 %","87.3 %","81.2 %","41.6 %","63.1 %","8.5 %","19.4 %","8.2 %","17.0 %","50.7 %","32.3 %",".250","6.7 %","33.3 %","4.73","4.63","4.25","11.2 %","39.8 %","33.0 %","27.2 %","13071"
"Sonny Gray","- - -","29","4.80","9.11","3.87","2.36","8.83","0.94","1.41",".315","1.79","20.8 %","50.9 %","28.4 %","9.2 %","13.0 %","28.0 %","62.0 %","41.6 %","56.9 %","88.5 %","75.8 %","40.1 %","56.7 %","10.1 %","23.1 %","9.8 %","16.6 %","46.3 %","37.2 %",".252","6.8 %","22.2 %","3.92","4.17","5.58","13.3 %","38.4 %","35.7 %","25.9 %","12768"
"Anthony DeSclafani","Reds","29","4.84","8.89","2.48","3.59","9.00","1.91","1.28",".289","0.99","21.6 %","39.1 %","39.3 %","7.2 %","18.9 %","30.8 %","66.7 %","47.1 %","64.2 %","86.8 %","78.8 %","45.5 %","62.1 %","10.0 %","23.4 %","6.5 %","14.9 %","42.8 %","42.3 %",".255","7.3 %","33.3 %","4.01","3.95","5.51","16.9 %","40.2 %","33.8 %","26.0 %","13050"
"Tyler Chatwood","Cubs","29","4.85","7.50","7.94","0.94","7.59","0.79","1.73",".276","1.97","17.9 %","54.5 %","27.6 %","9.1 %","11.7 %","23.9 %","63.1 %","39.0 %","65.0 %","88.6 %","79.6 %","38.3 %","51.2 %","7.9 %","18.1 %","19.2 %","19.1 %","52.1 %","28.8 %",".231","5.3 %","11.1 %","5.57","6.17","4.50","-1.1 %","43.4 %","30.2 %","26.4 %","4338"
"Lance Lynn","- - -","31","4.86","9.04","4.01","2.26","9.43","0.85","1.49",".335","1.63","24.0 %","47.1 %","28.9 %","10.7 %","11.2 %","29.7 %","72.5 %","46.5 %","67.6 %","85.6 %","78.6 %","39.3 %","55.2 %","10.0 %","22.7 %","10.1 %","19.4 %","43.6 %","37.1 %",".266","10.3 %","50.0 %","4.06","4.30","5.63","12.6 %","38.1 %","33.9 %","28.1 %","2520"
"Ivan Nova","- - -","32","4.89","6.23","2.17","2.87","10.45","1.55","1.40",".310","1.39","22.4 %","45.1 %","32.4 %","9.1 %","16.1 %","33.1 %","70.0 %","48.6 %","68.3 %","90.5 %","81.8 %","42.1 %","57.7 %","8.9 %","16.0 %","5.6 %","18.5 %","49.2 %","32.2 %",".286","10.3 %","35.7 %","4.40","4.58","5.39","10.4 %","41.9 %","34.2 %","23.9 %","1994"
"Dan Straily","- - -","30","4.97","6.76","3.87","1.75","8.90","1.85","1.42",".269","0.71","24.4 %","31.4 %","44.2 %","11.4 %","15.2 %","29.3 %","69.5 %","45.8 %","65.6 %","88.6 %","80.0 %","41.1 %","57.8 %","9.2 %","17.3 %","9.9 %","14.8 %","40.5 %","44.7 %",".255","5.4 %","18.2 %","5.41","5.22","4.39","7.4 %","42.4 %","36.4 %","21.2 %","9460"
"Jon Gray","Rockies","27","4.99","9.63","2.90","3.32","9.21","1.47","1.35",".321","1.58","22.1 %","47.7 %","30.2 %","8.7 %","19.4 %","28.5 %","65.9 %","45.6 %","49.4 %","85.3 %","73.1 %","45.8 %","63.8 %","12.3 %","25.1 %","7.6 %","15.0 %","48.0 %","37.1 %",".261","5.5 %","46.2 %","3.51","3.73","5.65","17.5 %","38.6 %","33.9 %","27.5 %","14916"
"Martin Perez","- - -","28","4.99","6.50","3.33","1.95","10.66","1.44","1.55",".327","1.46","21.9 %","46.4 %","31.7 %","8.9 %","15.4 %","30.9 %","67.5 %","45.8 %","69.9 %","90.6 %","82.3 %","40.7 %","61.1 %","8.1 %","16.4 %","8.4 %","17.4 %","42.6 %","40.1 %",".295","7.8 %","50.0 %","4.66","4.85","5.75","8.0 %","39.5 %","36.2 %","24.2 %","6902"
"Andrew Cashner","Orioles","32","4.99","6.16","3.69","1.67","9.90","1.48","1.51",".299","1.20","20.7 %","43.2 %","36.1 %","7.4 %","13.9 %","26.1 %","66.5 %","43.3 %","70.2 %","89.8 %","83.0 %","42.5 %","56.5 %","7.4 %","15.6 %","9.3 %","16.3 %","49.6 %","34.2 %",".277","6.8 %","16.7 %","5.06","5.17","4.08","6.3 %","38.6 %","34.9 %","26.5 %","8782"
"Chris Stratton","- - -","28","5.03","6.89","3.55","1.94","9.67","1.15","1.47",".311","1.37","25.7 %","42.9 %","31.3 %","4.3 %","13.0 %","27.6 %","66.9 %","45.1 %","71.0 %","86.9 %","81.5 %","44.5 %","61.7 %","8.4 %","17.6 %","9.1 %","12.6 %","47.1 %","40.2 %",".273","5.9 %","20.0 %","4.50","4.81","4.76","8.5 %","36.0 %","37.2 %","26.8 %","13761"
"Matt Harvey","- - -","29","5.09","7.50","2.41","3.12","9.40","1.48","1.31",".295","1.25","21.9 %","43.3 %","34.8 %","11.1 %","15.4 %","27.0 %","70.1 %","47.7 %","65.4 %","85.9 %","79.9 %","48.1 %","63.1 %","9.6 %","19.4 %","6.2 %","16.7 %","44.2 %","39.1 %",".263","5.0 %","15.4 %","4.23","4.30","4.91","13.2 %","37.5 %","34.7 %","27.8 %","11713"
"Nick Pivetta","Phillies","26","5.16","10.08","2.88","3.50","9.63","1.44","1.39",".339","1.37","19.6 %","46.5 %","33.9 %","10.6 %","17.1 %","30.5 %","67.2 %","47.5 %","58.7 %","84.5 %","75.6 %","46.4 %","62.6 %","11.6 %","25.9 %","7.4 %","18.5 %","48.5 %","33.0 %",".270","7.7 %","14.3 %","3.55","3.66","4.32","18.5 %","36.5 %","35.3 %","28.2 %","15454"
"Zack Godley","Diamondbacks","29","5.26","9.03","4.24","2.13","9.28","0.89","1.50",".327","1.62","23.1 %","47.5 %","29.3 %","8.9 %","11.7 %","31.5 %","63.8 %","44.1 %","54.9 %","88.9 %","74.2 %","39.2 %","59.0 %","11.4 %","22.4 %","10.5 %","18.1 %","42.6 %","39.4 %",".261","4.5 %","33.3 %","4.19","4.39","4.70","11.9 %","44.0 %","35.2 %","20.8 %","14862"
"Dylan Bundy","Orioles","26","5.28","9.54","3.01","3.16","9.41","2.15","1.38",".301","0.74","20.0 %","34.1 %","45.9 %","9.0 %","18.0 %","33.8 %","68.2 %","49.5 %","56.6 %","84.7 %","74.2 %","45.5 %","61.7 %","12.7 %","24.3 %","7.7 %","15.7 %","51.4 %","32.9 %",".263","7.4 %","50.0 %","4.42","4.05","4.62","16.6 %","40.4 %","32.6 %","27.0 %","12917"
"Tyler Anderson","Rockies","29","5.31","8.56","3.20","2.67","9.06","1.74","1.36",".294","0.97","24.2 %","37.3 %","38.5 %","10.4 %","17.2 %","30.0 %","70.4 %","48.9 %","59.8 %","84.0 %","76.1 %","46.7 %","64.7 %","11.7 %","22.2 %","8.3 %","20.1 %","47.0 %","32.9 %",".257","7.9 %","11.1 %","4.25","4.28","5.03","13.9 %","42.7 %","34.7 %","22.6 %","12880"
"Clayton Richard","Padres","34","5.33","6.13","3.40","1.80","9.02","1.08","1.38",".289","2.62","21.5 %","56.8 %","21.7 %","6.5 %","17.8 %","29.6 %","67.3 %","45.3 %","69.1 %","88.7 %","81.2 %","41.5 %","61.6 %","8.5 %","15.8 %","8.8 %","18.7 %","40.5 %","40.9 %",".260","3.2 %","9.1 %","4.24","4.51","4.59","7.0 %","43.5 %","34.3 %","22.2 %","3551"
"Alex Cobb","Orioles","31","5.36","6.01","2.46","2.44","10.55","1.80","1.45",".302","1.57","19.5 %","49.2 %","31.4 %","10.9 %","19.0 %","31.7 %","64.4 %","45.5 %","71.5 %","91.1 %","83.2 %","42.3 %","60.1 %","7.7 %","15.3 %","6.2 %","20.5 %","46.1 %","33.5 %",".287","7.7 %","42.9 %","4.48","4.62","3.39","9.0 %","40.4 %","37.4 %","22.2 %","6562"
"Sam Gaviglio","Blue Jays","28","5.43","7.47","2.79","2.68","10.41","1.58","1.47",".316","1.56","19.1 %","49.3 %","31.6 %","5.0 %","17.4 %","28.7 %","65.4 %","43.7 %","63.6 %","89.9 %","79.7 %","41.0 %","64.7 %","8.9 %","18.7 %","7.0 %","17.7 %","49.1 %","33.3 %",".282","8.5 %","37.5 %","4.18","4.31","4.90","11.7 %","47.6 %","34.3 %","18.2 %","12778"
"Dylan Covey","White Sox","27","5.46","6.37","4.34","1.47","9.30","1.12","1.52",".289","1.89","20.5 %","51.9 %","27.5 %","7.0 %","14.0 %","25.7 %","65.2 %","43.9 %","70.4 %","90.6 %","84.2 %","46.0 %","61.3 %","6.9 %","15.8 %","10.8 %","17.1 %","49.9 %","33.0 %",".260","4.2 %","42.9 %","4.74","5.05","3.64","5.0 %","39.0 %","36.3 %","24.7 %","14825"
"Sal Romano","Reds","24","5.48","6.44","3.36","1.92","9.66","1.51","1.45",".287","1.35","21.7 %","45.0 %","33.3 %","11.2 %","15.4 %","29.2 %","66.1 %","45.7 %","66.8 %","91.6 %","82.8 %","44.7 %","57.8 %","7.9 %","16.1 %","8.4 %","18.4 %","44.7 %","36.9 %",".266","4.1 %","57.1 %","4.72","4.88","5.07","7.7 %","41.1 %","32.8 %","26.2 %","13690"
"David Hess","Orioles","25","5.51","6.64","3.26","2.04","9.33","2.38","1.40",".259","0.66","19.0 %","32.2 %","48.8 %","11.5 %","16.8 %","27.6 %","72.3 %","47.3 %","69.7 %","89.1 %","82.7 %","44.0 %","60.0 %","8.2 %","16.8 %","8.2 %","17.6 %","48.0 %","34.5 %",".260","6.7 %","75.0 %","5.62","5.16","3.70","8.5 %","37.7 %","36.0 %","26.3 %","16130"
"Jason Vargas","Mets","36","5.54","8.04","3.28","2.45","9.52","1.72","1.42",".298","0.98","20.4 %","39.4 %","40.2 %","10.1 %","15.9 %","31.7 %","61.9 %","43.6 %","64.9 %","84.8 %","76.1 %","39.5 %","61.9 %","10.4 %","20.2 %","8.3 %","15.9 %","45.0 %","39.1 %",".265","6.7 %","13.3 %","4.64","4.52","4.37","12.0 %","47.2 %","35.2 %","17.6 %","8044"
"Lucas Giolito","White Sox","24","5.57","7.28","4.49","1.62","8.24","1.25","1.41",".271","1.15","19.2 %","43.3 %","37.6 %","10.3 %","12.3 %","26.6 %","65.0 %","43.7 %","64.1 %","87.2 %","79.4 %","44.6 %","56.4 %","9.0 %","18.4 %","11.4 %","17.5 %","49.6 %","32.9 %",".240","4.6 %","50.0 %","5.15","5.09","5.16","7.1 %","39.3 %","34.9 %","25.8 %","15474"
"Chad Bettis","Rockies","30","5.66","6.25","3.90","1.60","9.49","1.40","1.49",".295","1.66","19.0 %","50.5 %","30.5 %","4.3 %","16.2 %","26.7 %","65.5 %","43.0 %","64.7 %","88.2 %","79.7 %","42.0 %","63.9 %","8.7 %","15.9 %","9.9 %","18.6 %","46.4 %","35.0 %",".270","6.7 %","0.0 %","4.76","5.00","5.52","6.0 %","44.6 %","31.9 %","23.5 %","10587"
"Bartolo Colon","Rangers","45","5.68","4.84","1.61","3.00","10.46","1.94","1.34",".283","1.19","23.0 %","41.8 %","35.2 %","9.2 %","17.2 %","32.0 %","64.1 %","45.7 %","82.1 %","92.7 %","88.5 %","42.8 %","63.9 %","5.3 %","12.5 %","4.2 %","15.3 %","40.9 %","43.8 %",".284","5.3 %","0.0 %","4.75","4.92","4.13","8.4 %","46.2 %","33.3 %","20.6 %","375"
"Marco Estrada","- - -","35","5.81","6.13","3.12","1.97","9.57","1.94","1.41",".273","0.41","19.5 %","23.3 %","57.2 %","17.5 %","11.5 %","28.6 %","73.5 %","47.9 %","73.6 %","82.8 %","79.7 %","43.0 %","63.0 %","9.7 %","15.6 %","7.9 %","20.5 %","48.3 %","31.2 %",".266","6.3 %","66.7 %","6.09","5.65","4.52","7.6 %","38.4 %","36.0 %","25.6 %","1118"
"Felix Hernandez","Mariners","33","5.82","7.49","3.10","2.42","9.73","1.67","1.43",".300","1.39","18.7 %","47.3 %","34.0 %","11.0 %","17.5 %","30.9 %","63.4 %","44.5 %","67.8 %","90.7 %","81.4 %","41.9 %","64.6 %","8.3 %","18.8 %","7.8 %","15.6 %","44.3 %","40.1 %",".270","6.1 %","30.0 %","4.57","4.50","4.58","11.0 %","52.0 %","33.3 %","14.7 %","4772"
"Homer Bailey","- - -","33","6.10","6.98","3.23","2.16","11.21","1.76","1.60",".325","1.29","25.0 %","42.3 %","32.7 %","8.9 %","17.9 %","32.1 %","70.1 %","49.4 %","65.0 %","89.2 %","80.6 %","45.5 %","63.7 %","9.6 %","17.0 %","7.8 %","14.7 %","41.7 %","43.6 %",".297","6.9 %","16.7 %","4.60","4.79","3.64","9.1 %","42.9 %","35.2 %","21.9 %","8362"
"Jason Hammel","Royals","35","6.16","5.80","2.73","2.13","11.79","1.23","1.61",".337","0.93","22.5 %","37.3 %","40.3 %","6.1 %","9.5 %","32.1 %","67.0 %","47.6 %","68.8 %","90.1 %","82.1 %","44.3 %","66.0 %","8.5 %","14.0 %","6.6 %","13.6 %","40.1 %","46.3 %",".307","6.6 %","25.0 %","5.24","5.10","3.78","7.5 %","42.3 %","34.2 %","23.6 %","4538"
