"Name","Team","Age","ERA","K/9","BB/9","K/BB","H/9","HR/9","AVG","WHIP","BABIP","LOB%","GB/FB","LD%","GB%","FB%","IFFB%","HR/FB","IFH%","BUH%","xFIP","O-Swing%","Z-Swing%","Swing%","O-Contact%","Z-Contact%","Contact%","Zone%","F-Strike%","SwStr%","K%","BB%","SIERA","RS/9","K-BB%","Pull%","Cent%","Oppo%","Soft%","Med%","Hard%","Start-IP","GS","IP","playerid"
"Liam Hendriks","Athletics","31","1.54","13.14","1.99","6.59","5.98","0.54",".185","0.89",".291","88.2%","0.68","19.2%","32.7%","48.1%","10.0%","6.0%","2.9%","0.0%","3.01","34.8%","72.9%","51.8%","48.5%","75.7%","65.5%","44.6%","65.9%","17.9%","38.1%","5.8%","2.42","2.54","32.3%","29.3%","38.2%","32.6%","17.5%","42.9%","39.6%","","0","99.1","3548"
"Felipe Vazquez","Pirates","27","1.65","13.50","1.95","6.92","6.45","0.75",".196","0.93",".306","90.6%","1.15","21.1%","42.2%","36.7%","4.3%","10.6%","3.7%","100.0%","2.62","29.7%","70.7%","50.3%","53.5%","79.1%","71.6%","50.2%","64.8%","14.3%","38.1%","5.5%","2.36","2.55","32.6%","33.3%","33.3%","33.3%","19.4%","44.2%","36.4%","","0","60.0","12076"
"Will Harris","- - -","35","1.74","9.49","2.41","3.94","7.08","0.94",".213","1.05",".269","85.0%","2.32","22.3%","54.3%","23.4%","4.9%","17.1%","4.2%","33.3%","3.11","29.8%","63.3%","43.0%","53.1%","84.1%","71.1%","39.5%","60.7%","12.4%","26.6%","6.7%","3.28","6.28","19.9%","39.9%","33.2%","27.0%","17.4%","41.0%","41.6%","","0","67.1","3192"
"Zack Britton","Yankees","32","1.92","7.93","4.61","1.72","5.63","0.38",".179","1.14",".227","83.3%","7.21","14.8%","74.9%","10.4%","5.3%","15.8%","4.4%","0.0%","3.55","32.2%","59.0%","41.6%","62.0%","86.6%","74.2%","35.0%","55.5%","10.8%","21.9%","12.7%","3.80","3.97","9.2%","41.9%","40.2%","17.9%","23.4%","49.5%","27.2%","","0","70.1","3240"
"Kirby Yates","Padres","33","1.94","15.09","2.35","6.41","6.65","0.42",".197","1.00",".341","76.7%","1.37","18.7%","47.0%","34.3%","6.5%","6.5%","12.7%","0.0%","2.37","33.9%","70.7%","48.9%","57.8%","74.1%","67.4%","40.8%","61.9%","16.0%","40.7%","6.3%","2.20","0.14","34.3%","40.7%","36.3%","23.0%","17.8%","40.0%","42.2%","","0","65.0","9073"
"Shane Greene","- - -","30","1.96","8.77","2.42","3.62","6.23","0.92",".192","0.96",".234","82.6%","1.33","19.3%","46.0%","34.7%","11.4%","11.4%","6.5%","66.7%","3.99","30.0%","64.3%","44.9%","62.6%","84.0%","75.9%","43.3%","65.4%","10.8%","24.8%","6.9%","3.73","2.31","18.0%","38.5%","37.6%","23.9%","13.7%","52.2%","34.2%","","0","78.0","10756"
"Julio Urias","Dodgers","22","2.01","8.76","3.47","2.53","6.02","0.73",".185","1.05",".230","81.0%","1.25","22.7%","43.0%","34.4%","20.5%","9.1%","9.1%","0.0%","4.38","38.3%","77.1%","53.5%","64.6%","80.7%","73.7%","39.2%","62.5%","14.1%","24.0%","9.5%","4.20","4.20","14.5%","39.2%","34.6%","26.2%","25.4%","40.8%","33.9%","","0","49.1","14765"
"Aaron Bummer","White Sox","26","2.04","8.64","3.36","2.57","5.64","0.48",".180","1.00",".232","82.9%","4.50","11.3%","72.6%","16.1%","0.0%","13.3%","8.1%","33.3%","3.32","29.4%","66.5%","46.0%","59.3%","85.9%","76.5%","44.8%","58.6%","10.8%","24.7%","9.6%","3.32","5.16","15.1%","42.3%","33.3%","24.3%","22.8%","50.8%","26.5%","","0","75.0","16258"
"Giovanny Gallegos","Cardinals","28","2.10","11.18","1.77","6.31","5.09","1.00",".163","0.76",".215","87.8%","0.76","19.3%","34.8%","45.9%","18.1%","10.8%","4.8%","0.0%","3.45","37.0%","69.9%","51.2%","47.7%","80.5%","67.0%","43.1%","65.8%","16.9%","33.6%","5.3%","2.80","3.65","28.2%","37.0%","37.0%","26.0%","17.1%","45.9%","37.0%","","0","81.1","14986"
"Tyler Clippard","- - -","35","2.11","9.35","2.24","4.18","5.40","0.92",".172","0.85",".213","88.6%","0.65","14.6%","33.5%","51.8%","18.8%","8.2%","10.9%","0.0%","4.60","33.4%","72.5%","49.8%","59.9%","79.0%","71.5%","41.8%","65.1%","14.2%","27.2%","6.5%","3.65","3.42","20.7%","51.5%","25.8%","22.8%","25.8%","41.9%","32.3%","","0","68.1","5640"
"Ken Giles","Blue Jays","29","2.14","14.16","3.46","4.10","6.09","0.82",".188","1.06",".302","88.2%","0.89","19.1%","38.2%","42.7%","10.6%","10.6%","4.8%","0.0%","2.93","36.0%","70.9%","50.1%","41.0%","77.5%","61.8%","40.4%","60.1%","19.1%","39.5%","9.6%","2.69","2.14","29.8%","35.1%","38.7%","26.1%","19.8%","42.3%","37.8%","","0","54.2","12910"
"Brandon Workman","- - -","31","2.15","12.69","5.70","2.23","5.06","0.11",".162","1.20",".267","78.5%","1.89","24.0%","49.7%","26.3%","2.2%","2.2%","4.7%","50.0%","3.42","28.9%","57.2%","39.8%","50.2%","83.6%","68.7%","38.5%","56.4%","12.5%","34.1%","15.3%","3.89","4.30","18.8%","46.2%","28.9%","24.9%","16.8%","42.8%","40.5%","","0","83.2","11428"
"Adam Ottavino","Yankees","34","2.22","11.69","5.38","2.17","6.31","0.70",".193","1.30",".276","85.6%","1.00","18.0%","41.0%","41.0%","11.0%","8.2%","12.3%","100.0%","4.40","24.6%","56.3%","38.2%","54.0%","81.6%","71.5%","42.8%","53.8%","10.9%","30.4%","14.0%","4.12","7.01","16.4%","35.8%","35.8%","28.5%","20.7%","44.1%","35.2%","","0","77.0","1247"
"Scott Oberg","Rockies","29","2.25","9.32","3.70","2.52","6.27","0.80",".195","1.11",".248","80.0%","1.58","20.1%","48.9%","30.9%","7.0%","11.6%","1.5%","33.3%","3.90","32.5%","66.3%","47.2%","60.6%","82.6%","74.0%","43.4%","63.7%","12.3%","26.0%","10.3%","4.00","5.14","15.7%","39.4%","33.1%","27.5%","20.4%","47.9%","31.7%","","0","56.0","13911"
"Tyler Duffey","Twins","29","2.43","12.54","2.05","6.13","6.40","1.28",".189","0.94",".255","78.6%","1.22","24.7%","41.4%","34.0%","10.9%","18.2%","7.5%","25.0%","2.82","35.5%","70.4%","50.2%","50.2%","81.0%","68.4%","42.3%","67.7%","15.9%","34.4%","5.6%","2.67","4.73","28.8%","39.8%","39.8%","20.5%","15.1%","40.4%","44.6%","","0","70.1","13758"
"Alex Colome","White Sox","31","2.49","8.09","3.24","2.50","6.10","0.87",".184","1.04",".215","69.9%","1.27","19.7%","44.9%","35.4%","2.9%","10.0%","3.4%","33.3%","4.49","34.2%","74.8%","50.4%","52.9%","86.3%","72.7%","40.0%","55.6%","13.8%","22.0%","8.8%","4.30","2.36","13.2%","45.8%","34.8%","19.4%","10.5%","51.7%","37.8%","","0","72.1","6661"
"Josh Hader","Brewers","26","2.53","16.03","3.16","5.07","4.32","1.58",".139","0.83",".205","90.9%","0.42","21.8%","23.2%","54.9%","20.5%","19.2%","0.0%","0.0%","2.69","37.4%","79.4%","56.3%","52.1%","67.0%","61.5%","44.9%","61.4%","21.7%","46.2%","9.1%","2.10","2.43","37.1%","31.7%","33.8%","34.5%","22.5%","42.3%","35.2%","","0","85.1","14212"
"Evan Marshall","White Sox","30","2.54","8.34","4.10","2.03","7.63","0.85",".228","1.30",".279","84.5%","1.86","20.5%","51.7%","27.8%","12.2%","12.2%","5.5%","0.0%","4.24","39.8%","63.5%","48.2%","67.6%","83.1%","74.8%","35.3%","60.9%","12.1%","22.2%","10.9%","4.38","5.65","11.3%","50.0%","32.0%","18.0%","20.2%","50.6%","29.2%","","0","63.2","12297"
"Jarlin Garcia","- - -","27","2.56","6.49","3.17","2.05","6.64","0.60",".202","1.09",".234","78.2%","1.24","17.5%","45.6%","36.8%","6.3%","6.3%","5.1%","0.0%","5.01","28.6%","66.6%","45.9%","76.3%","86.7%","83.2%","45.6%","51.9%","7.7%","17.8%","8.7%","4.79","4.83","9.1%","41.1%","37.7%","21.1%","15.4%","50.9%","33.7%","","0","59.2","18282"
"Aroldis Chapman","Yankees","32","2.59","13.27","3.97","3.35","6.25","0.61",".188","1.14",".291","75.7%","1.33","28.9%","40.6%","30.5%","15.4%","10.3%","11.5%","50.0%","3.00","32.0%","66.2%","46.9%","57.8%","78.5%","70.5%","43.5%","58.5%","13.8%","35.4%","10.6%","3.17","1.37","24.8%","42.3%","33.9%","23.9%","18.5%","46.9%","34.6%","","0","59.0","10233"
"Roberto Osuna","Astros","25","2.60","9.87","1.56","6.33","6.23","1.04",".188","0.87",".234","80.7%","1.09","22.5%","40.4%","37.1%","13.6%","12.1%","5.6%","0.0%","3.52","36.4%","75.4%","53.5%","54.6%","77.5%","68.8%","44.0%","65.8%","16.7%","28.3%","4.5%","3.19","0.78","23.8%","40.2%","34.6%","25.1%","20.7%","42.5%","36.9%","","0","69.1","13764"
"Yusmeiro Petit","Athletics","35","2.60","7.61","1.21","6.31","6.40","1.21",".197","0.85",".219","84.6%","0.63","20.7%","30.7%","48.7%","11.0%","10.2%","5.0%","25.0%","4.51","33.0%","74.3%","49.5%","68.0%","82.2%","76.5%","40.0%","65.1%","11.6%","22.5%","3.6%","3.95","3.71","19.0%","36.4%","41.3%","22.3%","16.4%","47.6%","36.1%","","0","97.0","4020"
"Ryan Pressly","Astros","31","2.63","12.05","2.22","5.44","6.78","0.83",".202","1.00",".287","77.7%","2.08","28.4%","48.4%","23.2%","5.6%","16.7%","6.7%","0.0%","2.36","40.7%","64.3%","50.9%","46.8%","79.9%","65.0%","43.6%","62.9%","17.8%","33.6%","6.2%","2.67","4.02","27.4%","47.7%","30.3%","21.9%","18.1%","45.2%","36.8%","","0","65.0","7005"
"Nick Wittgren","Indians","29","2.64","9.17","2.39","3.84","7.16","1.38",".214","1.06",".253","84.9%","1.00","24.6%","37.7%","37.7%","9.7%","15.3%","1.4%","50.0%","4.08","29.5%","68.0%","46.9%","72.4%","84.2%","80.1%","45.3%","59.4%","9.3%","25.4%","6.6%","3.72","6.53","18.8%","27.5%","44.0%","28.5%","10.9%","41.5%","47.7%","","0","71.2","15594"
"Seth Lugo","Mets","30","2.69","11.46","1.79","6.39","6.38","0.90",".193","0.91",".266","75.3%","1.16","19.5%","43.3%","37.2%","7.5%","11.3%","7.5%","0.0%","3.18","29.2%","66.9%","46.6%","63.1%","80.7%","74.8%","46.1%","58.5%","11.8%","32.5%","5.1%","2.81","4.68","27.4%","46.3%","31.0%","22.7%","11.6%","55.6%","32.9%","","0","90.1","12447"
"Brandon Kintzler","- - -","35","2.73","7.14","2.08","3.44","7.27","0.91",".216","1.04",".249","81.6%","2.02","16.7%","55.7%","27.6%","8.9%","12.5%","8.8%","0.0%","4.08","31.0%","63.0%","44.5%","71.4%","90.4%","82.7%","42.0%","62.7%","7.7%","19.7%","5.7%","3.87","4.02","14.0%","42.2%","35.3%","22.6%","19.6%","43.1%","37.3%","","0","69.1","9939"
"Adam Kolarek","- - -","30","2.74","7.26","2.19","3.31","7.26","0.96",".215","1.05",".246","80.4%","3.03","16.1%","63.0%","20.8%","7.5%","17.5%","2.5%","50.0%","3.66","36.5%","65.3%","48.1%","67.7%","85.4%","77.4%","40.3%","62.4%","10.9%","19.9%","6.0%","3.54","5.89","13.9%","37.1%","33.5%","29.4%","18.6%","49.0%","32.5%","","0","65.2","10843"
"Casey Sadler","- - -","28","2.78","6.38","3.44","1.86","7.85","1.15",".230","1.25",".252","85.4%","1.71","20.7%","50.0%","29.3%","10.4%","14.6%","7.3%","16.7%","4.88","31.7%","65.6%","44.2%","63.4%","88.9%","77.4%","36.9%","54.3%","10.0%","16.7%","9.0%","4.79","3.76","7.7%","48.8%","37.1%","14.1%","17.1%","45.3%","37.7%","","0","55.0","11209"
"Will Smith","- - -","30","2.79","12.80","2.79","4.59","6.08","1.52",".188","0.99",".254","90.2%","1.11","21.1%","41.4%","37.5%","7.0%","21.1%","3.2%","0.0%","2.89","35.4%","65.7%","47.7%","45.1%","83.7%","66.7%","40.8%","61.7%","15.9%","36.5%","7.9%","2.76","2.54","28.5%","39.6%","31.2%","29.2%","16.9%","43.5%","39.6%","","0","71.0","8048"
"Daniel Hudson","- - -","32","2.82","9.33","3.25","2.87","6.61","1.19",".199","1.10",".238","80.9%","0.70","16.5%","34.4%","49.1%","12.1%","10.3%","12.0%","0.0%","4.99","31.1%","72.9%","50.7%","65.1%","84.6%","78.3%","46.9%","63.6%","11.0%","25.1%","8.8%","4.11","3.90","16.3%","36.7%","36.2%","27.2%","17.2%","42.5%","40.3%","","0","83.0","7146"
"Reyes Moronta","Giants","26","2.86","11.12","5.24","2.12","6.51","0.64",".195","1.31",".272","81.2%","0.84","18.0%","37.4%","44.6%","9.7%","6.5%","13.5%","0.0%","4.83","29.0%","61.9%","42.2%","55.6%","83.0%","71.7%","40.2%","58.9%","12.0%","28.5%","13.4%","4.29","3.49","15.0%","37.1%","34.3%","28.6%","19.3%","45.0%","35.7%","","0","56.2","14966"
"A.J. Cole","- - -","28","2.88","9.30","2.66","3.50","9.30","0.89",".258","1.33",".325","72.3%","0.64","20.2%","31.1%","48.7%","13.8%","6.9%","21.6%","0.0%","4.83","31.5%","77.7%","51.1%","63.6%","79.1%","73.6%","42.3%","56.0%","13.5%","24.0%","6.9%","4.05","3.10","17.1%","42.2%","30.6%","27.3%","21.5%","43.0%","35.5%","","0","40.2","11467"
"Emilio Pagan","- - -","29","2.89","11.46","2.36","4.86","5.89","1.61",".182","0.92",".221","87.7%","0.67","18.5%","32.8%","48.7%","13.7%","15.8%","7.8%","0.0%","3.72","36.4%","73.9%","53.7%","57.4%","77.1%","69.9%","46.2%","68.1%","16.2%","32.8%","6.8%","3.03","4.18","26.1%","45.1%","27.2%","27.7%","18.0%","44.6%","37.4%","","0","84.0","14771"
"Nick Anderson","- - -","28","2.91","15.13","2.30","6.58","6.78","0.97",".203","1.01",".336","80.6%","0.61","27.5%","27.5%","45.0%","11.9%","11.9%","4.9%","0.0%","2.48","37.2%","73.0%","54.5%","46.8%","73.4%","64.0%","48.3%","67.3%","19.6%","42.1%","6.4%","2.13","4.12","35.7%","39.1%","33.1%","27.8%","13.9%","45.0%","41.1%","","0","74.1","18337"
"Rowan Wick","Cubs","27","2.91","9.55","3.95","2.42","7.27","0.21",".215","1.25",".293","70.1%","1.50","18.1%","49.1%","32.8%","13.2%","2.6%","7.0%","0.0%","4.33","30.3%","71.5%","49.0%","64.8%","83.8%","77.4%","45.6%","58.9%","11.1%","24.9%","10.3%","4.10","4.15","14.6%","34.2%","38.5%","27.4%","18.0%","47.0%","35.0%","","0","43.1","14646"
"Taylor Rogers","Twins","29","2.91","11.65","1.34","8.67","8.18","1.01",".236","1.06",".327","81.6%","1.57","19.0%","49.5%","31.5%","6.3%","14.3%","9.1%","20.0%","2.84","30.7%","62.2%","46.0%","58.9%","84.4%","75.7%","48.7%","67.3%","11.2%","31.8%","3.7%","2.64","2.35","28.1%","35.1%","37.1%","27.8%","19.5%","48.8%","31.7%","","0","80.1","13449"
"Diego Castillo","Rays","26","2.92","10.82","4.01","2.70","6.45","0.97",".199","1.16",".265","78.0%","1.75","13.2%","55.2%","31.6%","14.5%","14.5%","3.1%","0.0%","3.85","30.8%","62.7%","44.5%","46.7%","80.8%","67.3%","43.0%","55.9%","14.6%","29.1%","10.8%","3.69","5.23","18.3%","44.4%","32.0%","23.6%","18.0%","47.8%","34.3%","","0","74.0","17496"
"Matt Strahm","Padres","28","2.94","8.63","0.92","9.40","7.53","1.10",".224","0.94",".269","82.6%","1.30","20.0%","45.2%","34.8%","19.1%","12.8%","6.6%","0.0%","3.84","33.6%","71.4%","52.3%","66.7%","85.2%","79.2%","49.5%","69.1%","10.9%","24.2%","2.6%","3.34","4.04","21.7%","45.6%","31.6%","22.8%","19.1%","40.4%","40.4%","","0","49.0","13799"
"Sean Newcomb","Braves","26","3.04","9.62","3.21","3.00","7.26","1.35",".214","1.16",".257","83.6%","1.60","17.6%","50.7%","31.7%","6.7%","17.8%","4.2%","50.0%","3.99","30.9%","67.2%","46.5%","70.3%","84.1%","78.9%","42.9%","54.3%","9.8%","25.6%","8.5%","3.81","6.08","17.0%","34.7%","37.5%","27.8%","13.9%","48.6%","37.5%","","0","53.1","16943"
"Stefan Crichton","Diamondbacks","28","3.09","9.64","3.09","3.13","7.52","0.77",".224","1.18",".292","80.5%","1.58","16.9%","50.8%","32.3%","7.5%","10.0%","11.1%","0.0%","4.02","29.7%","64.7%","44.4%","58.6%","89.2%","77.3%","42.2%","58.8%","10.1%","25.8%","8.3%","3.70","4.44","17.5%","43.1%","30.9%","26.0%","19.5%","31.7%","48.8%","","0","46.2","16058"
"Amir Garrett","Reds","28","3.09","12.76","5.10","2.50","6.45","1.21",".198","1.28",".283","84.0%","1.83","18.5%","52.7%","28.8%","9.5%","21.4%","3.9%","0.0%","3.49","32.9%","61.6%","43.7%","46.8%","73.0%","60.7%","37.6%","61.6%","17.2%","33.5%","13.4%","3.66","3.36","20.1%","45.6%","32.7%","21.8%","17.7%","42.9%","39.5%","","0","67.0","14375"
"David Hale","Yankees","32","3.09","6.18","2.06","3.00","9.48","0.41",".267","1.28",".314","77.5%","1.78","21.8%","50.0%","28.2%","22.5%","5.0%","5.6%","0.0%","4.41","33.3%","72.4%","48.9%","75.2%","88.6%","83.1%","39.9%","53.6%","8.3%","16.4%","5.5%","4.33","7.83","10.9%","42.3%","28.9%","28.9%","27.5%","45.1%","27.5%","","0","43.2","9756"
"J.B. Wendelken","Athletics","27","3.13","9.98","2.74","3.64","6.46","0.59",".190","1.02",".250","69.2%","0.75","18.3%","35.0%","46.7%","5.4%","5.4%","11.9%","50.0%","4.43","27.5%","70.1%","46.6%","58.4%","80.8%","73.5%","44.8%","57.4%","12.3%","26.8%","7.4%","3.70","6.46","19.5%","41.8%","30.3%","27.9%","14.8%","53.3%","32.0%","","0","46.0","14506"
"Archie Bradley","Diamondbacks","27","3.14","10.87","4.15","2.62","8.18","0.56",".239","1.37",".335","78.7%","1.41","25.9%","43.4%","30.7%","9.5%","7.9%","5.6%","0.0%","3.91","31.0%","65.2%","44.7%","65.1%","87.3%","78.0%","40.0%","59.4%","9.8%","28.0%","10.7%","3.88","1.68","17.3%","39.4%","29.3%","31.3%","15.4%","39.4%","45.2%","","0","80.1","12918"
"Anthony Bass","- - -","32","3.14","7.86","2.86","2.75","5.43","0.86",".173","0.92",".201","69.2%","1.87","17.2%","54.0%","28.8%","12.8%","12.8%","4.5%","0.0%","3.93","29.2%","65.9%","43.4%","58.5%","86.0%","74.6%","38.7%","63.1%","11.0%","22.8%","8.3%","3.93","2.43","14.5%","47.9%","28.5%","23.6%","21.8%","47.9%","30.3%","","0","63.0","7982"
"Ranger Suarez","Phillies","23","3.14","7.77","2.22","3.50","9.62","1.11",".271","1.32",".319","83.0%","2.45","22.4%","55.1%","22.4%","3.0%","18.2%","9.9%","0.0%","3.64","33.4%","66.6%","45.5%","67.3%","89.7%","79.3%","36.4%","51.2%","9.4%","20.5%","5.9%","3.74","5.36","14.6%","43.3%","35.3%","21.3%","14.7%","46.7%","38.7%","","0","48.2","17277"
"Andrew Kittredge","Rays","30","3.15","8.08","2.17","3.73","8.08","0.99",".240","1.14",".288","78.7%","1.76","19.2%","51.5%","29.2%","13.2%","13.2%","3.0%","0.0%","3.91","41.7%","68.6%","53.1%","57.4%","88.2%","74.2%","42.2%","69.0%","13.7%","22.3%","6.0%","3.75","4.93","16.3%","44.6%","26.2%","29.2%","23.9%","44.6%","31.5%","","0","45.2","12828"
"Trevor May","Twins","30","3.16","11.34","3.39","3.34","6.55","1.29",".194","1.10",".250","79.9%","0.78","25.3%","32.6%","42.1%","15.0%","13.8%","6.5%","100.0%","3.99","28.2%","70.7%","46.3%","52.4%","79.9%","70.3%","42.6%","60.6%","13.8%","30.3%","9.1%","3.51","4.56","21.3%","40.8%","31.9%","27.2%","17.8%","45.6%","36.7%","","0","77.0","6398"
"Ryan Buchter","- - -","33","3.16","10.17","5.08","2.00","8.24","1.75",".240","1.48",".289","90.6%","0.51","29.1%","23.9%","47.0%","9.5%","15.9%","3.1%","50.0%","5.19","26.5%","72.3%","46.3%","63.0%","81.1%","75.2%","43.1%","55.5%","11.5%","25.6%","12.8%","4.63","5.26","12.8%","42.8%","33.3%","23.9%","13.8%","43.5%","42.8%","","0","51.1","9456"
"Chris Martin","- - -","33","3.16","10.20","0.86","11.83","7.90","1.44",".234","0.97",".292","79.2%","1.52","20.1%","48.2%","31.7%","3.8%","19.2%","7.6%","0.0%","2.92","37.7%","72.2%","54.1%","65.6%","84.6%","77.7%","47.5%","72.3%","12.1%","29.3%","2.5%","2.77","3.30","26.9%","32.3%","40.2%","27.4%","17.1%","42.1%","40.9%","","0","62.2","11847"
"Carlos Martinez","Cardinals","27","3.17","9.87","3.35","2.94","7.26","0.37",".218","1.18",".298","73.4%","2.00","15.3%","56.5%","28.2%","2.9%","5.7%","11.4%","0.0%","3.76","35.0%","70.9%","49.7%","59.0%","85.4%","74.4%","41.0%","62.5%","12.7%","26.5%","9.0%","3.66","2.61","17.5%","38.1%","34.9%","27.0%","15.9%","46.0%","38.1%","","0","48.1","11682"
"Jimmy Cordero","- - -","27","3.20","7.28","2.49","2.93","7.11","0.89",".216","1.07",".252","76.9%","3.00","21.7%","58.7%","19.6%","7.1%","17.9%","4.8%","100.0%","3.79","39.0%","65.1%","50.5%","61.4%","83.6%","74.0%","44.0%","61.3%","13.1%","20.1%","6.9%","3.72","5.51","13.2%","45.8%","35.4%","18.8%","21.5%","52.8%","25.7%","","0","50.2","15690"
"Jake Newberry","Royals","25","3.21","8.14","4.93","1.65","8.57","1.71",".250","1.50",".281","89.0%","0.71","18.9%","33.6%","47.5%","10.3%","13.8%","7.3%","0.0%","5.84","29.3%","71.2%","43.7%","49.7%","87.8%","71.0%","34.5%","49.5%","12.7%","20.7%","12.5%","5.11","4.07","8.2%","37.7%","39.3%","23.0%","15.6%","47.5%","36.9%","","0","42.0","15136"
"Cam Bedrosian","Angels","28","3.22","9.05","3.53","2.57","7.21","0.92",".211","1.19",".259","68.1%","1.25","18.4%","45.4%","36.2%","6.8%","10.2%","5.4%","0.0%","4.52","27.9%","64.7%","43.6%","50.6%","86.7%","73.5%","42.8%","58.2%","11.5%","23.7%","9.2%","4.18","4.45","14.5%","34.2%","34.8%","31.1%","14.6%","43.3%","42.1%","","0","58.2","13360"
"Pedro Baez","Dodgers","32","3.22","8.56","3.11","2.75","5.56","0.89",".172","0.96",".205","66.4%","0.72","16.7%","34.8%","48.6%","17.6%","7.8%","8.2%","33.3%","4.98","35.4%","74.8%","50.5%","63.8%","77.0%","71.3%","38.5%","55.3%","14.5%","23.9%","8.7%","4.24","4.44","15.2%","45.1%","32.9%","22.1%","19.3%","41.3%","39.4%","","0","81.0","5420"
"Oliver Drake","Rays","33","3.23","10.86","3.23","3.36","5.72","1.32",".180","0.99",".224","79.0%","1.79","17.0%","53.2%","29.8%","11.9%","21.4%","5.3%","50.0%","3.28","33.5%","66.9%","48.7%","50.5%","75.6%","66.2%","45.6%","58.8%","16.5%","30.8%","9.2%","3.32","4.70","21.7%","45.5%","31.5%","23.1%","16.8%","46.2%","37.1%","","0","61.1","8823"
"Kenley Jansen","Dodgers","32","3.24","11.70","2.55","4.59","6.61","1.16",".195","1.02",".260","77.1%","0.66","23.4%","30.4%","46.2%","16.5%","11.8%","10.7%","71.4%","3.81","38.4%","72.0%","53.6%","58.9%","78.4%","70.8%","45.2%","68.0%","15.7%","31.7%","6.9%","3.16","2.09","24.8%","41.4%","30.9%","27.8%","18.3%","44.5%","37.2%","","0","77.2","3096"
"Hunter Wood","- - -","25","3.27","7.62","2.18","3.50","9.15","1.52",".253","1.26",".282","78.7%","0.69","22.5%","31.8%","45.7%","10.2%","11.9%","4.9%","0.0%","5.16","35.9%","70.7%","49.9%","69.9%","80.3%","75.8%","40.2%","59.3%","12.1%","19.8%","5.7%","4.45","5.01","14.1%","37.7%","31.5%","30.8%","16.2%","49.2%","34.6%","","0","41.1","15091"
"Jose Alvarez","Phillies","31","3.27","8.10","2.70","3.00","10.23","1.14",".285","1.44",".340","81.7%","1.83","24.2%","49.0%","26.8%","7.7%","15.4%","12.6%","0.0%","3.99","35.6%","72.5%","51.4%","68.2%","84.3%","77.9%","42.9%","63.7%","11.4%","20.9%","7.0%","4.03","4.55","13.9%","34.4%","41.5%","24.1%","16.4%","53.9%","29.7%","","0","63.1","5358"
"David Phelps","- - -","32","3.30","10.68","3.50","3.06","7.38","1.36",".221","1.21",".282","80.9%","1.04","17.9%","41.9%","40.2%","6.4%","14.9%","4.1%","0.0%","4.13","28.0%","66.6%","42.6%","68.1%","87.1%","79.3%","37.9%","56.3%","8.8%","28.7%","9.4%","3.67","6.60","19.3%","31.6%","41.0%","27.4%","16.2%","53.0%","30.8%","","0","46.1","6316"
"Tanner Rainey","Nationals","27","3.30","13.50","6.18","2.19","5.31","1.01",".169","1.28",".254","81.1%","1.45","19.7%","47.5%","32.8%","5.0%","17.5%","3.4%","33.3%","3.76","30.7%","71.1%","46.8%","42.7%","75.6%","62.6%","39.8%","53.9%","17.5%","35.2%","16.1%","3.94","4.31","19.1%","42.4%","36.0%","21.6%","17.6%","44.8%","37.6%","","0","62.2","17610"
"Brad Hand","Indians","30","3.31","12.84","2.91","4.41","7.81","0.79",".228","1.19",".340","75.1%","0.58","29.6%","25.8%","44.7%","8.5%","8.5%","9.8%","0.0%","3.65","34.0%","63.1%","46.6%","58.3%","82.7%","72.6%","43.3%","65.2%","12.8%","33.8%","7.7%","3.04","1.85","26.1%","44.4%","30.0%","25.6%","14.4%","45.6%","40.0%","","0","68.0","9111"
"Sam Dyson","- - -","31","3.32","7.94","1.88","4.23","7.65","0.87",".227","1.06",".273","71.0%","1.90","17.8%","53.8%","28.4%","10.4%","12.5%","11.0%","33.3%","3.75","30.3%","72.9%","49.2%","73.4%","87.2%","82.5%","44.3%","63.5%","8.6%","22.1%","5.2%","3.67","5.34","16.9%","35.4%","38.8%","25.8%","18.5%","52.3%","29.2%","","0","62.1","11710"
"Justin Wilson","Mets","32","3.33","10.17","4.25","2.39","8.32","0.92",".242","1.40",".317","81.0%","1.68","22.0%","48.8%","29.1%","0.0%","13.5%","9.7%","50.0%","3.98","30.0%","73.0%","49.9%","67.1%","80.5%","76.2%","46.2%","55.9%","11.9%","26.1%","10.9%","4.04","7.40","15.2%","34.4%","33.6%","32.1%","26.0%","43.5%","30.5%","","0","48.2","4301"
"Oliver Perez","Indians","38","3.33","9.67","2.33","4.14","7.67","0.83",".229","1.11",".297","73.7%","1.22","19.9%","44.0%","36.2%","5.9%","9.8%","6.5%","0.0%","3.92","33.2%","65.2%","48.4%","60.7%","83.7%","75.4%","47.5%","62.6%","11.9%","26.5%","6.4%","3.53","3.17","20.1%","39.9%","33.6%","26.6%","17.5%","50.4%","32.2%","","0","54.0","1514"
"Dylan Floro","Dodgers","29","3.38","7.78","2.35","3.31","8.51","0.59",".243","1.21",".297","71.0%","2.04","20.6%","53.3%","26.1%","12.8%","8.5%","1.0%","50.0%","3.87","33.8%","71.6%","50.5%","61.7%","85.0%","76.3%","44.1%","60.7%","12.0%","20.6%","6.2%","3.87","6.46","14.4%","28.0%","36.6%","35.5%","18.8%","50.0%","31.2%","","0","61.1","13394"
"Jalen Beeks","Rays","26","3.40","8.33","3.07","2.71","9.30","0.73",".264","1.37",".328","75.0%","1.46","24.7%","44.8%","30.6%","11.1%","9.1%","6.2%","57.1%","4.38","33.3%","66.8%","47.3%","66.0%","84.9%","77.2%","41.9%","61.4%","10.8%","21.4%","7.9%","4.21","4.45","13.5%","42.6%","32.3%","25.1%","15.4%","44.1%","40.5%","","0","111.1","17192"
"Jose Cisnero","Tigers","31","3.40","9.85","4.08","2.42","7.64","0.85",".223","1.30",".288","74.2%","1.00","21.7%","39.2%","39.2%","17.9%","8.9%","7.1%","0.0%","4.68","32.8%","72.4%","50.2%","57.9%","83.1%","73.9%","43.9%","60.4%","13.1%","25.2%","10.4%","4.18","2.89","14.8%","29.2%","38.2%","32.6%","15.3%","48.6%","36.1%","","0","53.0","6399"
"John Gant","Cardinals","27","3.40","8.45","4.58","1.85","6.57","0.47",".207","1.24",".267","69.4%","1.83","25.8%","48.0%","26.3%","19.2%","7.7%","3.2%","0.0%","4.20","29.2%","67.9%","46.6%","60.4%","80.5%","73.6%","45.0%","59.0%","12.3%","23.2%","12.6%","4.56","7.04","10.7%","39.2%","36.7%","24.1%","18.6%","45.2%","36.2%","","0","76.2","13684"
"Cory Gearrin","- - -","33","3.42","7.48","4.07","1.84","8.62","0.65",".254","1.41",".308","79.8%","1.36","23.3%","44.2%","32.5%","1.9%","7.5%","8.3%","0.0%","5.02","28.1%","64.9%","43.6%","71.6%","87.5%","81.6%","42.0%","66.4%","8.0%","19.3%","10.5%","4.83","5.04","8.8%","42.3%","33.1%","24.5%","17.8%","48.5%","33.7%","","0","55.1","7947"
"Hector Neris","Phillies","31","3.43","11.61","3.43","3.38","6.75","1.18",".201","1.13",".267","74.4%","1.29","19.0%","45.7%","35.3%","10.8%","15.4%","7.1%","50.0%","3.70","36.3%","68.6%","48.4%","50.2%","76.4%","64.0%","37.3%","59.3%","17.4%","30.7%","9.1%","3.41","2.96","21.6%","46.8%","32.8%","20.4%","21.0%","38.7%","40.3%","","0","76.0","11804"
"Michael Lorenzen","Reds","28","3.44","9.03","3.35","2.69","7.63","1.12",".223","1.22",".271","77.5%","1.30","23.5%","43.2%","33.3%","6.8%","13.6%","4.4%","16.7%","4.18","33.1%","71.2%","47.9%","60.4%","79.3%","71.3%","38.7%","61.7%","13.7%","24.0%","8.9%","4.09","4.75","15.1%","35.6%","33.3%","31.1%","17.4%","49.3%","33.3%","","0","96.2","14843"
"Steve Cishek","- - -","34","3.45","7.97","3.93","2.03","7.26","1.07",".219","1.24",".257","81.0%","1.38","16.7%","48.3%","34.9%","9.6%","12.3%","6.9%","0.0%","5.05","30.0%","63.4%","43.3%","68.9%","84.0%","77.7%","39.7%","60.8%","9.7%","20.9%","10.3%","4.59","4.64","10.6%","38.9%","38.4%","22.8%","23.7%","46.0%","30.3%","","0","75.2","6483"
"Yimi Garcia","- - -","29","3.46","9.42","2.35","4.00","5.82","2.08",".177","0.91",".175","84.1%","0.55","14.4%","30.5%","55.1%","12.0%","16.3%","3.9%","50.0%","4.99","30.5%","69.2%","47.1%","66.9%","81.9%","76.3%","43.0%","62.3%","11.2%","26.2%","6.5%","3.87","3.74","19.6%","38.5%","29.6%","32.0%","19.5%","43.8%","36.7%","","0","65.0","12095"
"Francisco Liriano","Pirates","35","3.47","8.10","4.50","1.80","7.71","1.03",".228","1.36",".271","76.0%","1.48","15.9%","50.3%","33.8%","15.2%","12.1%","6.1%","40.0%","4.92","31.8%","69.3%","47.1%","55.4%","81.6%","71.2%","40.9%","60.5%","13.6%","20.9%","11.6%","4.76","4.76","9.3%","42.5%","35.0%","22.5%","24.5%","45.0%","30.5%","","0","70.0","3201"
"Josh Tomlin","Braves","35","3.49","6.57","1.03","6.40","8.62","1.44",".248","1.07",".268","78.0%","0.82","23.3%","34.4%","42.2%","8.8%","12.3%","6.5%","0.0%","4.67","34.3%","73.8%","50.6%","67.3%","88.5%","80.1%","41.4%","66.8%","10.1%","18.3%","2.9%","4.27","5.03","15.5%","43.3%","33.8%","22.9%","16.7%","48.7%","34.6%","","0","87.2","9388"
"Thomas Pannone","Blue Jays","25","3.54","8.38","4.10","2.05","7.45","1.30",".222","1.28",".258","83.6%","0.81","19.5%","36.1%","44.4%","8.5%","11.9%","2.1%","0.0%","5.39","32.5%","70.9%","47.4%","76.1%","77.0%","76.6%","38.9%","53.9%","11.1%","21.8%","10.7%","4.70","4.10","11.2%","36.3%","35.6%","28.2%","14.1%","50.4%","35.6%","","0","48.1","17281"
"Junior Guerra","- - -","35","3.54","8.19","4.19","1.96","6.14","1.12",".188","1.15",".215","76.6%","1.26","18.8%","45.3%","35.9%","14.1%","13.0%","4.3%","14.3%","4.83","28.2%","72.8%","46.6%","62.9%","83.5%","76.2%","41.3%","58.9%","11.1%","22.0%","11.2%","4.63","3.72","10.7%","40.7%","35.7%","23.6%","19.0%","43.4%","37.6%","","0","96.2","5702"
"Nick Goody","- - -","28","3.55","10.84","4.93","2.20","6.70","1.58",".200","1.29",".243","79.5%","0.54","20.9%","27.8%","51.3%","18.6%","13.6%","9.4%","0.0%","5.01","34.3%","72.7%","50.3%","51.3%","82.2%","69.9%","41.7%","53.3%","15.1%","28.2%","12.8%","4.33","3.94","15.4%","38.3%","24.4%","37.4%","23.5%","39.1%","37.4%","","0","45.2","13685"
"Sergio Romo","- - -","36","3.55","9.38","2.66","3.52","7.23","1.01",".212","1.10",".262","70.6%","0.78","19.1%","35.6%","45.4%","12.5%","9.1%","13.0%","100.0%","4.63","39.4%","62.7%","47.8%","60.6%","82.0%","70.7%","36.0%","65.7%","14.0%","25.2%","7.1%","3.87","2.79","18.0%","47.7%","31.8%","20.5%","19.5%","47.2%","33.3%","","0","71.0","9817"
"Noe Ramirez","Angels","30","3.58","9.99","3.21","3.12","7.52","1.11",".226","1.19",".289","79.6%","0.96","20.7%","38.8%","40.4%","15.8%","11.8%","12.3%","0.0%","4.36","31.8%","61.5%","44.6%","57.1%","80.8%","71.2%","43.2%","63.6%","12.9%","26.8%","8.6%","3.80","5.55","18.2%","44.4%","33.3%","22.2%","20.1%","43.9%","36.0%","","0","73.0","12800"
"Mark Melancon","- - -","34","3.58","8.54","2.54","3.36","9.35","0.58",".266","1.32",".336","73.7%","3.39","21.1%","61.0%","18.0%","12.2%","12.2%","5.0%","33.3%","3.31","31.7%","64.8%","45.1%","63.6%","88.4%","78.0%","40.3%","59.4%","9.9%","22.4%","6.7%","3.39","3.35","15.8%","39.4%","37.2%","23.4%","15.2%","46.8%","38.1%","","0","78.0","4264"
"John Brebbia","Cardinals","29","3.59","10.78","3.34","3.22","7.31","0.74",".215","1.18",".293","72.0%","0.53","22.6%","26.9%","50.5%","12.8%","6.4%","10.0%","0.0%","4.63","33.0%","71.9%","50.6%","65.0%","78.5%","73.7%","45.3%","66.1%","13.3%","28.6%","8.9%","3.82","5.20","19.7%","34.8%","31.6%","33.7%","20.9%","40.6%","38.5%","","0","72.2","12777"
"Hansel Robles","Angels","29","3.59","9.58","2.29","4.19","8.06","0.98",".236","1.15",".301","74.3%","0.89","20.9%","37.3%","41.8%","7.6%","9.8%","8.5%","20.0%","4.08","29.1%","74.4%","49.9%","63.6%","80.5%","75.2%","46.0%","60.9%","12.4%","26.3%","6.3%","3.61","1.85","20.0%","33.8%","42.7%","23.6%","13.3%","45.3%","41.3%","","0","82.2","11801"
"Tommy Kahnle","Yankees","30","3.61","13.14","3.03","4.33","6.64","1.30",".199","1.07",".282","74.5%","1.82","20.9%","51.1%","28.1%","10.3%","23.1%","7.0%","100.0%","2.64","34.9%","72.7%","51.2%","50.5%","73.4%","64.5%","43.0%","61.8%","18.2%","35.8%","8.3%","2.78","5.20","27.6%","42.9%","32.1%","25.0%","18.6%","47.9%","33.6%","","0","62.1","11384"
"Tony Watson","Giants","35","3.62","6.96","1.95","3.57","8.63","1.39",".245","1.18",".269","77.9%","1.30","19.9%","45.3%","34.8%","12.9%","14.3%","6.6%","0.0%","4.73","39.7%","69.1%","51.5%","67.7%","82.5%","75.7%","40.2%","67.8%","12.5%","18.3%","5.1%","4.28","3.20","13.2%","34.0%","41.4%","24.6%","23.2%","41.4%","35.5%","","0","64.2","3132"
"Scott Barlow","Royals","27","3.64","11.63","4.45","2.61","7.69","0.71",".227","1.35",".324","77.1%","1.13","23.1%","40.7%","36.1%","3.8%","9.0%","3.4%","50.0%","3.97","34.3%","64.2%","46.0%","51.5%","81.6%","67.9%","39.1%","57.7%","14.8%","30.0%","11.5%","3.80","2.83","18.5%","42.7%","33.2%","24.1%","14.1%","47.7%","38.2%","","0","89.0","14993"
"Freddy Peralta","Brewers","24","3.66","13.64","4.22","3.23","7.03","0.98",".208","1.25",".316","71.6%","0.77","21.2%","34.3%","44.5%","11.5%","11.5%","6.4%","50.0%","3.51","33.7%","71.1%","48.9%","57.7%","75.7%","68.3%","40.6%","60.2%","15.5%","35.8%","11.1%","3.19","5.20","24.7%","41.3%","28.7%","30.1%","18.2%","47.6%","34.3%","","0","64.0","18679"
"Yoan Lopez","Diamondbacks","27","3.66","6.69","2.90","2.30","7.82","1.64",".231","1.19",".243","77.8%","1.56","24.4%","46.0%","29.6%","9.5%","20.6%","5.1%","0.0%","4.44","31.0%","69.8%","47.7%","64.3%","86.8%","78.5%","43.1%","58.4%","10.3%","18.2%","7.9%","4.53","4.16","10.3%","40.0%","39.5%","20.5%","9.8%","40.9%","49.3%","","0","71.1","17181"
"Tyler Chatwood","Cubs","29","3.67","8.83","4.17","2.12","7.33","1.00",".221","1.28",".271","78.3%","3.12","28.5%","54.2%","17.4%","12.0%","24.0%","3.8%","0.0%","3.67","26.3%","63.0%","41.0%","61.5%","88.2%","77.9%","40.0%","52.7%","9.1%","23.5%","11.1%","4.10","5.33","12.4%","35.6%","34.9%","29.5%","19.9%","46.6%","33.6%","","0","54.0","4338"
"Gregory Soto","Tigers","25","3.73","8.88","4.62","1.92","9.24","0.89",".263","1.54",".329","78.1%","1.95","20.3%","52.7%","27.0%","2.5%","12.5%","11.5%","0.0%","4.44","25.1%","66.0%","43.6%","60.2%","86.6%","78.3%","45.3%","54.4%","9.5%","22.1%","11.5%","4.44","1.78","10.6%","31.8%","37.2%","31.1%","15.5%","42.6%","41.9%","","0","50.2","19677"
"Ryan Weber","Red Sox","29","3.74","6.23","1.66","3.75","8.93","0.83",".251","1.18",".285","69.0%","2.24","21.4%","54.3%","24.3%","11.8%","11.8%","7.9%","0.0%","3.98","27.4%","65.0%","43.6%","79.2%","92.3%","87.6%","43.1%","66.1%","5.4%","16.7%","4.4%","3.96","2.70","12.2%","47.5%","31.2%","21.3%","14.9%","52.5%","32.6%","","0","43.1","10160"
"Zack Littell","Twins","24","3.74","7.27","2.49","2.92","9.55","1.87",".280","1.34",".308","86.2%","1.02","27.3%","36.7%","35.9%","19.6%","19.6%","2.1%","0.0%","4.59","32.3%","75.0%","52.3%","60.0%","87.2%","78.2%","46.7%","60.5%","11.4%","19.8%","6.8%","4.39","5.61","13.0%","41.9%","27.9%","30.2%","17.1%","34.9%","48.1%","","0","43.1","15823"
"Tim Hill","- - -","30","3.75","9.48","2.68","3.53","7.15","1.07",".215","1.09",".268","74.1%","2.06","16.0%","56.5%","27.5%","11.1%","16.7%","8.1%","50.0%","3.76","29.8%","66.7%","46.8%","72.4%","85.6%","81.0%","46.0%","60.9%","8.9%","25.6%","7.3%","3.48","5.90","18.4%","37.6%","38.4%","24.1%","27.1%","39.9%","33.1%","","0","50.1","16814"
"Carlos Estevez","Rockies","27","3.76","9.74","2.84","3.43","8.93","1.32",".251","1.31",".310","77.4%","0.90","22.0%","37.0%","40.9%","3.8%","12.5%","7.4%","0.0%","4.41","28.9%","72.0%","49.9%","59.6%","79.0%","73.3%","48.8%","64.4%","13.4%","25.1%","7.3%","3.85","5.58","17.8%","34.1%","36.1%","29.8%","13.3%","43.9%","42.8%","","0","88.2","14542"
"Joakim Soria","Athletics","36","3.76","10.11","2.80","3.62","6.56","0.86",".197","1.04",".255","68.5%","0.91","22.8%","36.7%","40.5%","10.3%","9.2%","3.8%","0.0%","4.05","30.2%","69.1%","48.2%","67.1%","76.7%","73.5%","46.3%","62.8%","12.8%","27.7%","7.7%","3.60","3.76","20.1%","34.3%","36.6%","29.2%","19.0%","40.3%","40.7%","","0","83.2","6941"
"Luke Jackson","Braves","28","3.78","12.08","3.36","3.59","9.77","1.05",".272","1.46",".382","75.2%","2.79","18.4%","60.1%","21.5%","8.3%","20.8%","8.2%","50.0%","2.82","35.9%","69.4%","48.6%","51.5%","82.8%","68.4%","37.8%","63.0%","15.3%","30.6%","8.5%","3.05","5.99","22.1%","39.7%","36.1%","24.2%","15.9%","47.6%","36.6%","","0","85.2","11752"
"Tyler Webb","Cardinals","29","3.80","7.45","3.80","1.96","5.77","1.27",".177","1.06",".189","74.9%","1.07","19.4%","41.7%","38.9%","11.8%","13.2%","2.7%","0.0%","5.01","31.0%","69.0%","47.2%","73.8%","84.6%","80.5%","42.8%","58.1%","9.2%","20.4%","10.4%","4.75","4.36","10.0%","38.2%","36.0%","25.8%","18.0%","44.4%","37.6%","","0","64.0","14974"
"Josh Taylor","Red Sox","27","3.81","11.42","2.90","3.94","7.79","1.09",".231","1.19",".316","74.6%","1.18","19.7%","43.4%","36.9%","8.9%","13.3%","7.5%","100.0%","3.62","34.6%","73.3%","49.3%","55.3%","80.6%","69.5%","37.8%","65.4%","15.0%","30.7%","7.8%","3.28","3.62","22.9%","45.5%","38.2%","16.3%","17.9%","49.6%","32.5%","","0","49.2","17359"
"Blake Parker","- - -","34","3.84","9.59","3.43","2.80","7.54","1.51",".224","1.22",".268","78.4%","1.15","25.0%","40.1%","34.9%","11.7%","18.3%","4.3%","0.0%","4.17","28.6%","66.3%","43.9%","61.7%","81.8%","74.0%","40.5%","59.3%","11.4%","25.6%","9.2%","3.98","5.21","16.5%","39.4%","37.1%","23.4%","15.4%","39.4%","45.1%","","0","65.2","5224"
"Ryan Yarbrough","Rays","27","3.86","7.39","1.45","5.11","7.71","0.96",".225","1.02",".261","64.5%","1.21","22.0%","42.7%","35.4%","8.6%","10.3%","4.3%","66.7%","4.17","33.7%","68.8%","48.5%","76.9%","86.6%","82.7%","42.1%","65.9%","8.4%","20.6%","4.0%","3.96","5.30","16.6%","34.1%","41.3%","24.6%","18.0%","53.9%","28.1%","","0","56.0","16502"
"Caleb Ferguson","Dodgers","23","3.86","11.91","4.19","2.84","7.04","1.17",".209","1.25",".285","74.4%","1.28","22.2%","43.7%","34.1%","9.3%","16.3%","10.9%","0.0%","3.87","29.8%","74.3%","50.5%","64.2%","83.6%","77.5%","46.7%","58.2%","11.4%","30.6%","10.8%","3.63","4.19","19.8%","27.7%","41.5%","30.8%","20.0%","40.0%","40.0%","","0","53.2","19349"
"Jared Hughes","- - -","33","3.86","6.96","3.64","1.91","6.86","1.50",".211","1.17",".222","72.5%","2.80","17.1%","61.1%","21.8%","11.8%","27.5%","7.0%","20.0%","4.18","36.5%","65.4%","46.5%","70.0%","88.5%","78.9%","34.4%","59.5%","9.8%","19.1%","10.0%","4.28","4.71","9.1%","56.5%","32.2%","11.3%","17.6%","43.9%","38.5%","","0","84.0","9325"
"Ty Buttrey","Angels","27","3.87","9.17","2.95","3.10","8.46","0.92",".245","1.27",".308","73.1%","1.41","20.5%","46.6%","32.9%","11.0%","11.0%","7.8%","0.0%","4.19","29.6%","66.5%","46.3%","57.0%","85.3%","75.4%","45.3%","58.3%","11.4%","24.1%","7.8%","3.90","5.91","16.3%","37.0%","28.5%","34.5%","12.9%","39.0%","48.2%","","0","88.1","14719"
"Chaz Roe","Rays","33","3.88","11.04","5.07","2.18","8.80","0.45",".254","1.54",".361","70.5%","1.12","22.4%","41.0%","36.5%","10.5%","5.3%","4.7%","100.0%","4.41","27.6%","52.9%","38.4%","59.9%","85.7%","75.0%","42.5%","54.5%","9.6%","27.6%","12.7%","4.23","5.37","14.9%","32.5%","40.8%","26.8%","19.8%","45.2%","35.0%","","0","60.1","9866"
"Felix Pena","Angels","30","3.89","10.26","2.92","3.52","7.24","1.30",".213","1.13",".264","72.0%","1.41","21.9%","45.7%","32.4%","5.6%","16.9%","5.0%","100.0%","3.65","32.0%","64.1%","45.5%","49.6%","84.4%","70.2%","42.0%","57.0%","13.5%","27.6%","7.9%","3.54","4.86","19.8%","44.6%","34.6%","20.9%","14.1%","46.8%","39.1%","","0","83.1","13403"
"Jake Diekman","- - -","32","3.89","12.41","5.84","2.13","6.57","0.36",".198","1.38",".304","72.6%","1.87","23.2%","50.0%","26.8%","15.6%","6.7%","8.3%","33.3%","4.04","32.0%","62.2%","44.8%","46.8%","77.8%","64.9%","42.2%","62.1%","16.1%","30.7%","14.5%","4.08","3.04","16.3%","47.4%","30.4%","22.2%","18.7%","50.3%","31.0%","","0","74.0","5003"
"Buck Farmer","Tigers","29","3.91","8.76","3.08","2.85","8.41","1.07",".241","1.28",".294","72.7%","1.55","18.5%","49.5%","31.9%","8.7%","13.0%","6.5%","25.0%","4.28","31.4%","68.3%","46.3%","59.9%","83.1%","73.7%","40.2%","58.2%","12.2%","22.8%","8.0%","4.03","4.26","14.8%","41.8%","37.7%","20.5%","15.0%","43.2%","41.8%","","0","76.0","14814"
"Framber Valdez","Astros","26","3.92","8.06","4.79","1.68","8.93","0.44",".252","1.52",".315","65.4%","2.72","25.6%","54.4%","20.0%","4.0%","8.0%","4.4%","100.0%","4.28","26.5%","68.6%","45.4%","56.8%","85.1%","76.0%","44.9%","61.3%","10.9%","19.9%","11.8%","4.59","4.79","8.1%","38.1%","39.7%","22.2%","17.5%","48.4%","34.1%","","0","41.1","17295"
"Richard Rodriguez","Pirates","30","3.92","9.35","2.88","3.24","8.54","1.96",".241","1.27",".273","82.1%","0.95","15.1%","41.3%","43.6%","9.2%","17.3%","6.5%","0.0%","4.73","33.4%","67.0%","48.4%","60.8%","85.9%","76.2%","44.5%","64.6%","11.5%","24.1%","7.4%","3.98","6.23","16.7%","42.2%","28.0%","29.8%","15.6%","41.8%","42.7%","","0","78.0","13549"
"Nick Vincent","- - -","32","3.93","8.35","2.29","3.64","8.84","1.47",".255","1.24",".296","79.5%","1.24","30.0%","38.8%","31.3%","8.0%","18.0%","3.2%","0.0%","4.18","32.2%","71.8%","50.1%","69.5%","83.0%","78.3%","45.2%","68.0%","10.9%","22.1%","6.1%","3.98","4.58","16.0%","32.3%","42.2%","25.5%","14.3%","43.5%","42.2%","","0","55.0","7555"
"Hector Rondon","- - -","32","3.93","7.48","3.42","2.19","8.49","1.77",".244","1.32",".262","84.2%","1.32","16.7%","47.4%","35.8%","2.6%","18.2%","9.8%","0.0%","5.00","31.3%","69.3%","47.1%","62.8%","90.3%","79.6%","41.4%","59.2%","9.6%","19.3%","8.8%","4.59","6.85","10.5%","35.7%","38.0%","26.4%","21.3%","44.9%","33.8%","","0","71.0","2391"
"Kyle Ryan","Cubs","28","3.95","8.41","4.08","2.06","8.53","1.15",".249","1.40",".299","76.7%","2.25","17.4%","57.2%","25.4%","9.8%","17.6%","3.5%","100.0%","4.17","25.6%","69.0%","43.2%","65.2%","86.8%","79.2%","40.7%","60.9%","9.0%","21.9%","10.6%","4.25","4.58","11.3%","42.1%","31.2%","26.7%","18.3%","45.5%","36.1%","","0","70.2","11753"
"Roenis Elias","- - -","30","3.96","8.46","3.24","2.61","8.28","1.80",".234","1.28",".257","64.7%","0.88","26.4%","34.5%","39.2%","15.5%","17.2%","9.8%","50.0%","4.78","30.3%","69.8%","48.5%","68.8%","79.9%","76.2%","46.2%","61.6%","11.6%","21.8%","8.3%","4.40","4.50","13.4%","42.0%","32.0%","26.0%","14.7%","54.0%","31.3%","","0","50.0","12673"
"Brett Martin","Rangers","25","3.99","8.68","3.03","2.86","9.37","0.96",".257","1.38",".313","70.2%","2.00","20.9%","52.7%","26.4%","13.2%","13.2%","7.5%","0.0%","3.95","32.7%","70.5%","50.3%","54.6%","85.3%","74.6%","46.6%","61.1%","12.8%","21.9%","7.6%","3.94","6.20","14.2%","46.0%","35.6%","18.3%","17.3%","43.6%","39.1%","","0","65.1","17369"
"T.J. McFarland","- - -","31","4.02","5.19","2.86","1.82","10.64","0.91",".294","1.50",".323","72.8%","3.35","20.4%","61.3%","18.3%","4.7%","16.3%","6.3%","0.0%","4.31","35.7%","72.2%","48.1%","68.6%","91.0%","80.0%","33.9%","56.8%","9.6%","13.2%","7.3%","4.32","5.58","5.9%","43.9%","34.3%","21.8%","15.1%","41.0%","43.9%","","0","69.1","3237"
"Mychal Givens","Orioles","30","4.03","12.43","3.79","3.28","6.63","1.66",".202","1.16",".266","75.3%","0.87","22.2%","36.3%","41.5%","8.5%","19.7%","9.7%","100.0%","3.63","32.3%","72.3%","50.0%","58.0%","75.1%","69.0%","44.4%","56.9%","15.5%","33.8%","10.3%","3.29","4.74","23.5%","34.9%","34.9%","30.2%","15.1%","52.3%","32.6%","","0","76.0","10430"
"Craig Stammen","Padres","36","4.03","7.78","1.78","4.37","9.19","1.41",".255","1.22",".290","70.7%","1.80","18.9%","52.2%","29.0%","3.5%","17.4%","9.0%","50.0%","3.94","32.0%","66.4%","45.3%","67.1%","90.4%","80.3%","38.7%","65.0%","8.9%","20.4%","4.7%","3.77","4.31","15.8%","44.5%","35.9%","19.6%","17.6%","48.2%","34.2%","","0","96.0","7274"
"Adam Cimber","Indians","29","4.06","6.30","2.80","2.25","8.67","0.98",".248","1.27",".278","73.5%","2.24","18.3%","56.4%","25.2%","7.8%","13.7%","5.3%","0.0%","4.50","36.2%","71.9%","51.7%","72.0%","86.5%","80.8%","43.3%","65.7%","9.9%","16.4%","7.3%","4.37","6.44","9.1%","38.5%","36.1%","25.4%","21.5%","42.9%","35.6%","","0","64.1","15288"
"Michael Feliz","Pirates","27","4.06","11.71","4.37","2.68","6.87","1.72",".206","1.25",".258","78.9%","0.80","20.6%","35.3%","44.1%","10.0%","18.3%","8.3%","66.7%","4.29","31.5%","66.3%","46.0%","61.3%","80.8%","73.0%","41.7%","63.7%","12.4%","30.6%","11.4%","3.78","4.37","19.2%","33.8%","36.7%","29.5%","18.7%","50.4%","30.9%","","0","57.2","11903"
"Joe Kelly","Dodgers","32","4.06","10.46","4.21","2.48","8.43","0.94",".243","1.40",".322","70.1%","3.48","21.9%","60.6%","17.4%","14.8%","22.2%","7.4%","0.0%","3.37","26.9%","58.4%","41.5%","61.1%","84.5%","76.4%","46.5%","55.2%","9.8%","26.6%","10.7%","3.63","5.93","15.9%","38.7%","38.7%","22.6%","24.5%","34.8%","40.7%","","0","57.2","9761"
"Nick Ramirez","Tigers","29","4.07","8.36","3.95","2.11","8.59","1.24",".244","1.39",".286","69.4%","1.37","20.1%","46.2%","33.8%","11.4%","13.9%","8.3%","50.0%","4.68","35.4%","69.2%","46.8%","63.0%","83.4%","73.2%","33.6%","54.9%","12.6%","21.3%","10.1%","4.54","3.16","11.2%","43.7%","34.9%","21.4%","21.0%","37.8%","41.2%","","0","79.2","12575"
"Matt Barnes","Red Sox","30","4.07","14.66","5.59","2.63","7.22","1.28",".211","1.42",".325","76.1%","1.53","23.9%","46.0%","30.1%","6.1%","22.4%","9.3%","50.0%","3.22","33.0%","63.4%","44.2%","50.2%","83.0%","67.5%","36.8%","58.1%","14.4%","36.4%","13.9%","3.49","4.42","22.5%","36.5%","33.5%","29.9%","13.2%","52.7%","34.1%","","0","77.1","12863"
"Colten Brewer","Red Sox","27","4.09","8.86","5.32","1.67","9.55","1.09",".267","1.65",".328","79.4%","1.98","25.1%","49.7%","25.1%","8.2%","16.3%","9.3%","0.0%","4.61","29.5%","64.7%","43.5%","53.5%","86.0%","72.7%","39.9%","55.3%","11.9%","21.4%","12.8%","4.76","4.91","8.6%","47.7%","32.5%","19.8%","16.8%","51.8%","31.5%","","0","66.0","12997"
"Greg Holland","- - -","34","4.10","9.40","5.13","1.83","6.66","1.03",".205","1.31",".256","72.3%","1.36","16.5%","48.1%","35.3%","4.3%","12.8%","3.1%","0.0%","4.75","31.1%","62.3%","42.4%","52.6%","88.2%","71.6%","36.3%","52.5%","12.1%","24.7%","13.5%","4.59","2.05","11.2%","50.4%","30.4%","19.3%","11.1%","48.2%","40.7%","","0","52.2","7196"
"Heath Hembree","- - -","31","4.10","10.25","3.93","2.61","7.69","1.71",".225","1.29",".269","77.2%","0.43","15.0%","25.7%","59.3%","12.0%","12.0%","8.3%","0.0%","5.52","32.8%","72.8%","49.3%","65.4%","81.7%","75.3%","41.3%","58.4%","12.2%","26.6%","10.2%","4.32","3.93","16.4%","41.4%","33.6%","25.0%","17.1%","48.6%","34.3%","","0","52.2","11632"
"Zack Godley","- - -","29","4.11","7.42","3.16","2.35","7.58","1.42",".227","1.19",".252","77.1%","1.22","19.6%","44.2%","36.2%","11.9%","15.3%","6.9%","0.0%","4.83","32.6%","64.9%","45.6%","58.3%","90.2%","76.5%","40.1%","66.7%","10.7%","20.1%","8.6%","4.52","6.32","11.5%","47.0%","29.3%","23.8%","19.5%","47.0%","33.5%","","0","57.0","14862"
"Luis Cessa","Yankees","28","4.12","8.44","3.14","2.69","8.35","1.57",".241","1.28",".276","73.8%","1.37","18.0%","47.4%","34.6%","8.7%","17.4%","7.1%","0.0%","4.46","34.6%","67.3%","47.4%","55.8%","85.9%","72.5%","39.0%","60.2%","13.0%","22.2%","8.3%","4.18","4.61","14.0%","43.2%","31.6%","25.2%","15.8%","48.9%","35.3%","","0","91.2","13345"
"Blake Treinen","- - -","32","4.15","8.80","5.38","1.64","8.19","1.10",".239","1.51",".291","73.7%","1.63","22.9%","47.8%","29.3%","11.7%","15.0%","8.2%","0.0%","4.73","37.6%","67.0%","48.9%","64.2%","87.1%","76.2%","38.3%","62.0%","11.6%","22.1%","13.5%","4.85","3.67","8.6%","49.0%","27.4%","23.6%","16.8%","46.6%","36.5%","","0","73.2","12572"
"Jesus Tinoco","- - -","25","4.17","6.80","5.49","1.24","7.90","2.63",".240","1.49",".224","86.3%","1.26","18.5%","45.4%","36.1%","2.3%","27.9%","1.9%","0.0%","5.68","28.5%","70.9%","44.0%","65.6%","87.8%","78.7%","36.7%","48.9%","9.4%","17.6%","14.2%","5.59","4.83","3.4%","51.3%","28.6%","20.2%","26.1%","37.8%","36.1%","","0","41.0","16300"
"Chad Green","Yankees","29","4.20","12.17","2.10","5.80","7.69","1.40",".223","1.09",".300","70.0%","0.77","19.4%","35.0%","45.6%","17.8%","13.7%","10.7%","0.0%","3.63","31.2%","74.0%","51.0%","58.4%","79.9%","72.8%","46.2%","69.9%","13.9%","32.7%","5.6%","2.89","3.92","27.1%","28.1%","36.3%","35.6%","14.4%","41.3%","44.4%","","0","64.1","15552"
"Alex Claudio","Brewers","28","4.21","6.32","3.47","1.82","8.55","1.11",".246","1.33",".273","74.4%","2.30","20.2%","55.6%","24.2%","11.1%","16.7%","6.5%","40.0%","4.72","35.2%","62.7%","45.6%","62.1%","90.2%","76.7%","37.7%","64.4%","10.6%","16.2%","8.9%","4.62","4.58","7.3%","43.0%","33.8%","23.3%","26.3%","41.7%","32.0%","","0","72.2","12890"
"Jake McGee","- - -","33","4.25","8.83","2.38","3.71","9.34","2.04",".262","1.30",".295","76.1%","0.84","16.8%","38.1%","45.2%","7.1%","17.1%","10.2%","33.3%","4.82","24.9%","76.6%","49.9%","64.2%","84.4%","79.2%","48.4%","62.1%","10.4%","22.9%","6.2%","4.00","5.77","16.7%","39.2%","31.0%","29.8%","13.3%","38.6%","48.1%","","0","53.0","7550"
"Andrew Chafin","Diamondbacks","30","4.25","11.83","3.34","3.55","9.25","1.06",".261","1.40",".362","74.5%","1.37","28.3%","41.4%","30.3%","17.4%","15.2%","1.6%","25.0%","3.33","33.2%","69.3%","48.0%","49.8%","82.3%","69.0%","40.9%","60.1%","14.9%","30.2%","8.5%","3.38","6.22","21.7%","28.9%","43.0%","28.2%","16.0%","44.2%","39.7%","","0","59.1","12988"
"Jeremy Jeffress","- - -","32","4.27","7.44","3.17","2.35","8.13","0.69",".239","1.26",".287","65.9%","1.72","23.0%","48.7%","28.3%","7.4%","9.3%","4.3%","0.0%","4.56","30.3%","68.3%","46.3%","63.5%","89.6%","79.7%","42.0%","62.1%","9.4%","19.5%","8.3%","4.38","4.41","11.2%","31.6%","43.5%","24.9%","20.2%","42.5%","37.3%","","0","65.1","9490"
"Tyler Kinley","- - -","29","4.28","9.00","6.64","1.36","7.52","0.89",".226","1.57",".283","77.0%","0.98","21.6%","38.9%","39.5%","7.8%","9.4%","4.8%","0.0%","5.59","31.3%","69.5%","45.9%","52.7%","81.9%","69.6%","38.2%","57.9%","13.9%","22.3%","16.5%","5.41","5.75","5.9%","46.7%","27.9%","25.5%","18.8%","47.3%","33.9%","","0","61.0","18297"
"Mike Morin","- - -","28","4.28","4.61","1.81","2.55","7.74","0.99",".227","1.06",".237","61.6%","1.06","23.4%","39.4%","37.1%","12.3%","9.2%","4.3%","25.0%","5.37","38.1%","72.8%","52.9%","70.7%","84.9%","79.0%","42.8%","67.6%","11.1%","12.6%","5.0%","5.10","4.61","7.7%","38.0%","38.0%","24.0%","16.2%","47.5%","36.3%","","0","54.2","13442"
"Robert Stephenson","Reds","27","4.30","11.42","3.22","3.54","6.45","1.61",".192","1.07",".235","67.0%","0.68","22.2%","31.5%","46.3%","10.7%","16.0%","2.0%","50.0%","3.97","36.2%","70.2%","50.0%","40.2%","79.3%","62.4%","40.5%","61.3%","18.8%","31.0%","8.8%","3.45","4.03","22.3%","45.1%","34.2%","20.7%","16.5%","45.1%","38.4%","","0","67.0","13594"
"Luis Perdomo","Padres","27","4.30","7.42","2.80","2.65","8.28","0.97",".242","1.23",".283","68.2%","2.03","19.9%","53.7%","26.4%","4.6%","13.8%","6.1%","0.0%","4.10","34.8%","64.2%","47.5%","68.0%","89.5%","80.6%","43.2%","69.7%","9.2%","19.9%","7.5%","4.10","3.87","12.4%","43.0%","34.5%","22.5%","12.5%","48.6%","39.0%","","0","83.2","14682"
"Luis Garcia","- - -","33","4.34","8.67","5.04","1.72","8.81","1.68",".251","1.54",".288","75.7%","1.40","19.9%","46.8%","33.3%","8.1%","19.4%","9.2%","66.7%","5.11","31.4%","64.5%","44.6%","53.1%","86.7%","72.5%","39.9%","55.8%","12.3%","21.2%","12.3%","4.85","5.18","8.9%","33.9%","39.7%","26.5%","18.5%","42.9%","38.6%","","0","64.1","6984"
"Raisel Iglesias","Reds","30","4.34","12.21","2.58","4.73","7.98","1.53",".232","1.17",".313","73.5%","0.76","24.2%","32.8%","43.0%","15.0%","16.3%","4.9%","0.0%","3.54","34.8%","69.6%","49.3%","53.8%","75.7%","66.7%","41.8%","56.6%","16.4%","32.7%","6.9%","3.03","1.29","25.8%","38.1%","30.7%","31.2%","21.7%","40.7%","37.6%","","0","76.2","17130"
"Derek Holland","- - -","32","4.35","7.61","3.81","2.00","8.15","1.63",".234","1.33",".255","72.2%","1.15","21.1%","42.2%","36.7%","5.6%","16.7%","9.7%","0.0%","5.07","33.5%","69.3%","48.4%","66.7%","85.5%","77.9%","41.5%","65.1%","10.7%","19.5%","9.8%","4.77","3.62","9.8%","38.7%","38.0%","23.3%","13.3%","42.7%","44.0%","","0","49.2","4141"
"Austin Brice","- - -","28","4.40","9.40","3.79","2.48","7.58","1.52",".221","1.26",".260","72.5%","1.22","21.3%","43.3%","35.4%","10.3%","17.2%","8.5%","0.0%","4.71","33.1%","67.2%","47.0%","60.7%","84.0%","74.3%","40.7%","62.2%","12.1%","23.9%","9.7%","4.19","4.70","14.3%","36.0%","32.3%","31.7%","20.7%","43.9%","35.4%","","0","59.1","17237"
"Javy Guerra","- - -","33","4.41","7.46","2.37","3.14","9.15","1.24",".256","1.28",".292","71.9%","0.71","20.2%","33.1%","46.8%","8.6%","9.5%","4.9%","0.0%","5.26","33.2%","71.8%","52.2%","70.6%","87.9%","82.3%","49.2%","62.2%","9.2%","19.5%","6.2%","4.52","4.63","13.3%","32.7%","35.5%","31.9%","15.1%","46.6%","38.3%","","0","79.2","7407"
"Jairo Diaz","Rockies","29","4.41","9.48","3.63","2.61","9.35","0.91",".262","1.44",".333","65.1%","1.56","21.6%","47.7%","30.7%","8.2%","11.5%","9.5%","33.3%","4.27","33.8%","73.0%","50.1%","54.4%","85.3%","73.2%","41.7%","64.9%","13.4%","23.7%","9.1%","4.07","3.50","14.6%","39.6%","36.1%","24.3%","14.4%","47.5%","38.1%","","0","69.1","12774"
"Matt Magill","- - -","29","4.43","11.07","3.84","2.88","8.85","1.48",".244","1.41",".311","67.6%","1.05","24.4%","38.7%","36.9%","11.3%","16.1%","6.2%","0.0%","4.13","31.8%","68.1%","46.9%","50.3%","83.7%","70.5%","41.6%","62.4%","13.8%","27.4%","9.5%","3.84","5.02","17.9%","40.4%","38.6%","21.1%","15.8%","45.0%","39.2%","","0","61.0","3950"
"Jose Leclerc","Rangers","26","4.43","13.30","5.24","2.54","6.72","0.94",".202","1.33",".305","71.6%","0.67","21.7%","31.5%","46.9%","17.9%","10.4%","4.4%","40.0%","4.26","28.3%","66.9%","43.5%","57.0%","76.5%","68.8%","39.2%","56.9%","13.6%","33.9%","13.4%","3.72","1.88","20.6%","46.6%","29.7%","23.7%","18.9%","46.6%","34.5%","","0","67.0","14524"
"Derek Law","Blue Jays","28","4.45","10.32","5.88","1.76","8.89","1.11",".249","1.64",".320","75.4%","1.64","21.0%","49.0%","29.9%","10.6%","14.9%","10.4%","100.0%","4.69","28.3%","63.6%","42.3%","54.0%","83.8%","71.7%","39.6%","58.9%","12.0%","24.5%","14.0%","4.68","2.70","10.6%","42.5%","33.8%","23.8%","23.1%","38.8%","38.1%","","0","56.2","13133"
"Blaine Hardy","Tigers","32","4.47","5.89","2.64","2.23","7.71","2.03",".225","1.15",".215","73.0%","1.35","15.4%","48.5%","36.0%","10.2%","20.4%","4.5%","0.0%","4.98","34.5%","67.1%","47.9%","71.4%","84.2%","78.8%","41.1%","62.6%","10.2%","15.9%","7.1%","4.80","4.26","8.8%","46.4%","33.6%","20.0%","21.4%","39.3%","39.3%","","0","44.1","6499"
"Andrew Miller","Cardinals","35","4.48","11.34","4.33","2.62","7.91","1.64",".236","1.36",".304","73.7%","1.00","21.1%","39.5%","39.5%","10.3%","19.0%","8.6%","100.0%","4.44","30.1%","61.8%","43.9%","54.7%","80.7%","70.6%","43.4%","57.3%","12.9%","29.0%","11.1%","3.88","4.18","17.9%","36.9%","35.6%","27.5%","14.1%","37.6%","48.3%","","0","60.1","6785"
"Kevin McCarthy","Royals","28","4.48","5.43","3.12","1.74","10.58","0.68",".288","1.52",".323","72.2%","2.60","21.1%","57.0%","21.9%","8.0%","10.0%","4.6%","33.3%","4.67","36.1%","71.2%","51.0%","70.2%","89.4%","81.6%","42.4%","64.7%","9.4%","13.5%","7.7%","4.63","6.11","5.7%","45.0%","36.4%","18.6%","18.6%","42.0%","39.4%","","0","66.1","15240"
"Yoshihisa Hirano","- - -","36","4.50","10.13","3.86","2.63","8.52","1.13",".242","1.38",".309","69.8%","1.28","19.6%","45.1%","35.3%","13.0%","13.0%","14.5%","66.7%","4.32","36.6%","68.4%","47.9%","55.0%","84.5%","69.9%","35.5%","62.2%","14.4%","25.6%","9.8%","4.04","5.79","15.9%","45.5%","28.2%","26.3%","19.2%","42.3%","38.5%","","0","56.0","19756"
"Ryne Harper","- - -","31","4.52","8.78","1.86","4.71","9.58","1.33",".266","1.27",".318","70.3%","1.00","24.4%","37.8%","37.8%","13.2%","13.2%","10.5%","66.7%","4.18","31.5%","66.4%","48.0%","59.6%","85.2%","76.3%","47.2%","63.8%","11.4%","23.0%","4.9%","3.81","7.98","18.1%","50.5%","29.4%","20.1%","17.2%","38.7%","44.1%","","0","67.2","12680"
"Wander Suero","Nationals","28","4.54","9.94","3.02","3.29","8.32","0.54",".244","1.26",".330","65.7%","1.30","25.9%","41.8%","32.3%","9.9%","7.0%","3.3%","100.0%","3.84","31.0%","73.6%","50.5%","62.8%","77.9%","72.9%","45.9%","59.4%","13.7%","26.5%","8.1%","3.72","6.91","18.4%","35.9%","35.4%","28.7%","15.3%","47.1%","37.7%","","0","83.1","15855"
"Ian Kennedy","Royals","35","4.54","10.15","2.51","4.05","9.92","1.55",".273","1.38",".340","74.0%","1.13","17.3%","43.9%","38.8%","10.8%","15.7%","7.4%","0.0%","4.04","30.1%","71.6%","49.0%","65.9%","86.3%","79.5%","45.5%","62.1%","10.1%","26.0%","6.4%","3.61","1.91","19.6%","37.0%","31.5%","31.5%","15.1%","47.5%","37.4%","","0","75.1","6986"
"Miguel Castro","Orioles","25","4.55","9.61","4.65","2.07","8.09","1.31",".234","1.42",".286","71.7%","1.52","17.4%","49.8%","32.8%","12.3%","16.0%","8.1%","0.0%","4.46","30.8%","65.9%","44.9%","57.8%","84.7%","73.6%","40.2%","55.0%","11.8%","24.4%","11.8%","4.36","2.93","12.6%","41.3%","40.9%","17.8%","22.7%","44.5%","32.8%","","0","89.0","15684"
"Anthony Swarzak","- - -","33","4.56","8.78","4.56","1.93","8.78","2.03",".251","1.48",".280","78.8%","1.32","19.6%","45.8%","34.6%","15.1%","22.6%","5.7%","50.0%","4.76","29.3%","67.9%","44.1%","55.3%","85.3%","73.0%","38.4%","58.6%","11.9%","22.2%","11.5%","4.65","4.56","10.7%","44.5%","27.7%","27.7%","16.1%","43.2%","40.7%","","0","53.1","7466"
"Wade LeBlanc","Mariners","34","4.57","6.59","2.34","2.82","9.14","1.70",".260","1.28",".277","75.1%","1.10","18.8%","42.5%","38.7%","13.6%","15.5%","6.2%","66.7%","4.98","33.5%","70.5%","48.4%","68.7%","85.3%","78.4%","40.1%","69.2%","10.5%","17.5%","6.2%","4.60","4.25","11.3%","48.0%","28.3%","23.8%","15.2%","53.2%","31.6%","","0","84.2","5221"
"Sean Doolittle","Nationals","33","4.57","9.71","2.43","4.00","10.00","2.00",".270","1.38",".316","82.1%","0.42","21.3%","23.4%","55.3%","14.4%","13.5%","2.3%","0.0%","5.24","38.5%","82.0%","58.6%","68.5%","85.9%","79.8%","46.1%","66.2%","11.9%","24.5%","6.1%","4.18","2.43","18.4%","30.4%","35.1%","34.6%","18.3%","40.8%","40.8%","","0","63.0","1581"
"Robert Gsellman","Mets","26","4.59","8.63","3.20","2.70","9.05","0.97",".258","1.36",".317","68.9%","1.30","21.4%","44.4%","34.2%","9.4%","10.9%","8.4%","66.7%","4.61","31.3%","69.5%","47.2%","62.1%","84.7%","76.0%","41.7%","58.7%","11.3%","22.1%","8.2%","4.23","4.04","13.9%","35.8%","36.3%","27.9%","22.1%","45.8%","32.1%","","0","64.2","13696"
"Brandon Brennan","Mariners","28","4.62","8.69","4.81","1.81","6.66","1.11",".203","1.27",".242","67.2%","2.00","19.2%","53.8%","26.9%","2.9%","17.1%","8.6%","0.0%","4.31","30.9%","70.6%","46.6%","47.5%","79.6%","66.8%","39.6%","58.1%","15.5%","23.2%","12.8%","4.54","3.33","10.3%","46.9%","29.2%","23.9%","18.5%","50.8%","30.8%","","0","48.2","13527"
"Marcus Walden","Red Sox","31","4.66","8.59","4.14","2.08","7.76","0.93",".228","1.32",".278","65.2%","1.90","20.8%","51.8%","27.3%","10.4%","13.4%","5.5%","0.0%","4.38","34.0%","69.8%","47.6%","53.7%","89.8%","73.9%","38.1%","61.0%","12.5%","22.2%","10.7%","4.36","5.69","11.5%","39.0%","39.0%","22.0%","16.3%","50.8%","32.9%","","0","87.0","8004"
"Colin Poche","Rays","25","4.70","12.54","3.31","3.79","5.75","1.57",".180","1.01",".235","67.6%","0.29","19.3%","18.3%","62.4%","16.2%","13.2%","15.0%","50.0%","4.44","36.3%","75.4%","53.5%","62.2%","71.2%","67.7%","43.9%","65.7%","17.2%","34.8%","9.2%","3.36","3.48","25.6%","26.1%","32.4%","41.4%","18.0%","41.4%","40.5%","","0","51.2","19403"
"Jace Fry","White Sox","26","4.71","11.08","6.37","1.74","7.75","1.11",".229","1.57",".306","71.4%","2.31","20.9%","55.2%","23.9%","5.1%","20.5%","6.7%","0.0%","4.19","28.3%","61.8%","40.3%","41.4%","86.8%","66.5%","36.0%","47.3%","13.5%","27.2%","15.7%","4.54","4.57","11.6%","44.2%","37.0%","18.8%","15.2%","46.7%","38.2%","","0","65.0","16159"
"Sam Gaviglio","Blue Jays","30","4.74","8.12","2.46","3.30","8.03","1.64",".233","1.17",".258","69.3%","1.22","16.7%","45.8%","37.5%","7.4%","16.7%","8.3%","100.0%","4.53","30.6%","62.2%","44.0%","56.1%","86.9%","74.6%","42.6%","65.5%","11.2%","21.8%","6.6%","4.09","4.38","15.2%","43.9%","32.5%","23.5%","15.2%","49.5%","35.3%","","0","98.2","12778"
"Matt Andriese","- - -","30","4.76","9.93","3.52","2.82","8.79","1.03",".250","1.37",".321","69.4%","1.57","19.6%","49.2%","31.3%","10.7%","13.3%","7.6%","33.3%","3.98","29.4%","68.0%","46.4%","67.6%","85.5%","79.2%","44.2%","59.2%","9.6%","25.5%","9.0%","3.86","5.48","16.5%","36.2%","38.3%","25.5%","15.6%","43.6%","40.7%","","0","87.0","12022"
"Lou Trivino","Athletics","28","4.78","8.96","4.30","2.08","8.60","0.96",".247","1.43",".306","66.1%","1.14","16.0%","44.8%","39.2%","14.5%","9.6%","11.6%","40.0%","4.94","32.1%","69.0%","48.0%","58.9%","83.4%","74.0%","43.0%","62.8%","12.5%","22.7%","10.9%","4.52","3.58","11.8%","41.9%","28.6%","29.5%","21.7%","43.8%","34.6%","","0","75.1","15043"
"Tommy Milone","Mariners","32","4.80","6.69","1.67","4.00","8.03","2.01",".235","1.08",".236","70.5%","0.84","16.7%","38.0%","45.3%","9.0%","16.2%","7.5%","0.0%","5.10","35.7%","66.8%","46.9%","69.6%","88.9%","79.5%","36.0%","70.7%","9.6%","18.5%","4.6%","4.42","4.24","13.9%","43.3%","39.7%","17.0%","18.2%","45.8%","36.0%","","0","80.2","7608"
"Chris Stratton","- - -","28","4.83","9.26","3.13","2.96","9.65","1.43",".269","1.42",".326","69.0%","1.13","24.3%","40.1%","35.6%","9.7%","15.3%","4.9%","0.0%","4.25","31.9%","73.0%","49.3%","54.3%","86.1%","74.2%","42.4%","60.9%","12.7%","23.8%","8.0%","4.04","5.48","15.7%","29.6%","42.4%","28.1%","16.3%","44.3%","39.4%","","0","69.0","13761"
"Paul Fry","Orioles","27","4.83","9.13","4.30","2.12","8.61","1.04",".247","1.43",".307","66.1%","2.65","19.1%","58.8%","22.2%","4.7%","18.6%","6.1%","100.0%","4.10","25.7%","64.3%","41.7%","54.7%","88.0%","76.0%","41.5%","50.7%","10.0%","22.9%","10.8%","4.11","4.70","12.1%","36.6%","33.0%","30.5%","20.3%","53.3%","26.4%","","0","69.0","15832"
"Josh Osich","- - -","31","4.84","8.89","2.14","4.16","8.33","2.25",".240","1.16",".258","72.7%","1.21","21.1%","43.2%","35.7%","6.2%","24.7%","4.1%","50.0%","3.99","32.0%","69.1%","48.1%","54.6%","84.0%","73.0%","43.4%","64.0%","13.0%","24.1%","5.8%","3.73","2.25","18.3%","50.2%","29.7%","20.1%","18.3%","44.1%","37.6%","","0","80.0","11528"
"Victor Alcantara","Tigers","26","4.85","5.06","3.16","1.60","9.49","1.69",".273","1.41",".278","72.8%","1.67","14.3%","53.6%","32.1%","13.3%","17.8%","9.3%","0.0%","5.38","39.7%","69.2%","51.5%","69.9%","89.0%","80.2%","40.2%","61.0%","10.2%","13.2%","8.2%","5.10","2.95","5.0%","49.7%","29.1%","21.3%","18.4%","44.0%","37.6%","","0","42.2","15028"
"Kyle Crick","Pirates","27","4.86","11.34","6.48","1.75","7.92","1.80",".230","1.60",".288","72.6%","1.08","16.1%","43.5%","40.3%","6.0%","20.0%","9.3%","75.0%","5.26","31.3%","64.4%","45.0%","59.0%","82.5%","72.9%","41.3%","57.7%","12.2%","26.9%","15.4%","4.72","5.58","11.5%","32.8%","34.4%","32.8%","24.2%","46.1%","29.7%","","0","50.0","13182"
"Luke Bard","Angels","29","4.88","7.50","2.44","3.08","7.69","1.69",".230","1.13",".248","68.3%","0.76","21.0%","34.1%","44.9%","11.3%","14.5%","6.4%","0.0%","5.17","30.0%","67.0%","46.4%","50.4%","84.8%","72.4%","44.4%","63.6%","12.8%","20.5%","6.7%","4.42","2.81","13.9%","39.1%","34.8%","26.1%","21.0%","35.5%","43.5%","","0","48.0","14288"
"Pedro Strop","- - -","35","4.91","10.64","5.32","2.00","6.95","1.23",".210","1.36",".269","67.1%","1.66","15.5%","52.7%","31.8%","5.7%","17.1%","3.4%","0.0%","4.54","35.1%","68.4%","46.8%","55.7%","86.0%","71.3%","35.1%","54.9%","13.4%","26.9%","13.5%","4.33","2.66","13.5%","43.6%","37.3%","19.1%","14.6%","53.6%","31.8%","","0","44.0","4070"
"Luis Avilan","- - -","30","4.91","8.70","4.24","2.05","9.37","1.56",".266","1.51",".313","77.5%","1.53","23.5%","46.2%","30.3%","8.3%","19.4%","5.5%","0.0%","4.67","32.1%","60.5%","41.7%","59.3%","85.9%","72.3%","33.9%","59.4%","11.6%","21.7%","10.6%","4.49","6.69","11.1%","51.3%","31.9%","16.8%","18.5%","52.9%","28.6%","","0","40.1","2882"
"Tim Mayza","Blue Jays","27","4.91","9.64","4.73","2.04","7.89","1.40",".226","1.40",".272","71.2%","2.08","21.3%","53.2%","25.5%","8.3%","22.2%","2.7%","50.0%","4.10","37.7%","69.9%","47.6%","59.3%","83.8%","70.3%","30.6%","55.5%","14.1%","24.2%","11.9%","4.30","2.28","12.3%","39.9%","37.8%","22.4%","16.8%","46.2%","37.1%","","0","51.1","15042"
"Phil Maton","- - -","26","4.94","8.94","2.28","3.92","8.75","1.52",".245","1.23",".286","66.9%","1.30","23.7%","43.2%","33.1%","8.7%","17.4%","3.3%","0.0%","4.15","35.3%","70.2%","50.9%","59.1%","83.8%","74.3%","44.8%","62.8%","13.1%","23.0%","5.9%","3.83","5.89","17.2%","41.1%","29.1%","29.8%","14.2%","55.3%","30.5%","","0","47.1","18064"
"Shawn Kelley","Rangers","35","4.94","8.18","2.09","3.91","10.46","2.28",".286","1.39",".314","80.1%","0.65","25.9%","29.3%","44.9%","10.6%","18.2%","0.0%","0.0%","4.99","35.7%","71.2%","52.6%","69.4%","82.7%","78.0%","47.5%","62.4%","11.6%","21.0%","5.4%","4.30","6.27","15.6%","47.0%","35.6%","17.5%","17.5%","38.3%","44.3%","","0","47.1","7773"
"Ryan Brasier","Red Sox","32","4.95","9.89","3.48","2.85","8.55","1.34",".242","1.34",".300","67.1%","0.69","23.4%","31.4%","45.2%","11.8%","11.8%","5.1%","50.0%","4.80","37.9%","73.9%","53.0%","53.9%","82.6%","70.7%","41.9%","65.9%","15.5%","25.3%","8.9%","4.09","5.35","16.4%","43.2%","38.4%","18.4%","16.3%","41.1%","42.6%","","0","67.1","5615"
"Trevor Cahill","Angels","31","4.96","6.98","3.86","1.81","10.29","1.65",".286","1.57",".315","74.2%","1.72","18.5%","51.6%","29.9%","2.1%","19.1%","7.4%","100.0%","5.04","29.4%","65.1%","44.2%","62.4%","84.6%","75.9%","41.4%","56.8%","10.6%","17.3%","9.6%","4.80","2.20","7.7%","54.4%","27.9%","17.7%","16.5%","39.9%","43.7%","","0","49.0","6249"
"Justin Shafer","- - -","27","4.96","8.74","5.76","1.52","9.73","1.59",".271","1.72",".318","77.0%","0.59","26.5%","27.2%","46.3%","11.1%","12.7%","0.0%","0.0%","6.07","29.5%","75.4%","47.2%","63.4%","82.0%","74.9%","38.5%","56.6%","11.9%","20.8%","13.7%","5.33","4.17","7.1%","38.0%","27.7%","34.3%","19.7%","43.8%","36.5%","","0","45.1","16132"
"Yency Almonte","Rockies","26","4.97","7.99","2.84","2.81","9.95","1.42",".272","1.42",".314","65.3%","0.90","20.6%","37.5%","41.9%","11.9%","11.9%","6.7%","0.0%","5.10","30.3%","72.9%","47.4%","56.6%","87.9%","75.9%","40.1%","58.0%","11.4%","20.1%","7.1%","4.42","5.15","13.0%","29.8%","38.5%","31.7%","18.6%","36.7%","44.7%","","0","50.2","15068"
"Brad Brach","- - -","33","4.99","9.68","5.28","1.83","9.24","0.73",".267","1.61",".352","71.0%","1.10","25.0%","39.3%","35.7%","13.3%","8.3%","6.1%","50.0%","4.80","32.4%","70.2%","47.8%","63.3%","83.1%","75.1%","40.7%","65.2%","11.9%","24.2%","13.2%","4.69","3.82","11.0%","38.2%","34.1%","27.7%","18.8%","48.8%","32.4%","","0","61.1","6627"
"Jesse Chavez","Rangers","36","5.01","8.04","3.19","2.52","10.16","1.97",".284","1.48",".318","76.6%","1.19","23.3%","41.7%","35.0%","6.3%","20.6%","5.3%","66.7%","4.68","25.4%","66.1%","41.5%","76.0%","90.7%","85.3%","39.6%","59.9%","6.1%","20.5%","8.1%","4.41","5.01","12.4%","38.8%","37.7%","23.5%","16.4%","37.2%","46.5%","","0","59.1","5448"
"Adrian Sampson","Rangers","27","5.01","6.56","3.28","2.00","9.84","1.35",".274","1.46",".303","71.9%","0.94","19.2%","39.1%","41.7%","11.1%","11.1%","6.8%","0.0%","5.73","32.6%","71.9%","48.9%","65.1%","89.3%","79.8%","41.5%","63.1%","9.9%","16.5%","8.3%","5.03","4.82","8.3%","43.4%","32.9%","23.7%","19.1%","38.8%","42.1%","","0","46.2","13339"
"Edwin Diaz","Mets","26","5.01","16.33","3.73","4.38","8.74","2.06",".248","1.39",".397","79.2%","0.90","19.2%","38.4%","42.5%","4.8%","25.8%","12.5%","0.0%","2.79","34.6%","72.1%","50.6%","50.8%","71.0%","63.1%","42.5%","64.0%","18.7%","41.2%","9.4%","2.49","1.80","31.8%","40.8%","29.3%","29.9%","17.7%","35.4%","46.9%","","0","70.0","14710"
"Gabriel Ynoa","Orioles","26","5.05","7.19","2.14","3.36","10.29","1.75",".279","1.38",".306","64.2%","1.47","14.4%","51.0%","34.6%","3.8%","17.0%","9.0%","0.0%","4.60","31.2%","74.4%","48.5%","64.8%","91.4%","81.2%","40.2%","61.7%","9.1%","18.4%","5.5%","4.23","5.63","12.9%","51.0%","27.5%","21.6%","13.7%","52.9%","33.3%","","0","46.1","12938"
"Taylor Cole","Angels","29","5.08","8.53","4.26","2.00","9.34","0.41",".266","1.51",".341","65.0%","2.10","26.7%","49.6%","23.7%","3.2%","6.5%","4.6%","0.0%","4.27","30.9%","70.7%","46.4%","65.3%","83.3%","76.0%","39.0%","56.6%","11.2%","21.4%","10.7%","4.43","4.87","10.7%","45.8%","29.8%","24.4%","20.6%","45.0%","34.4%","","0","44.1","11964"
"Chris Devenski","Astros","29","5.09","9.91","2.87","3.45","8.87","1.70",".249","1.30",".299","72.2%","0.69","20.6%","32.5%","46.9%","11.0%","14.3%","3.2%","66.7%","4.72","33.5%","67.6%","47.9%","60.0%","81.8%","73.0%","42.1%","66.8%","12.9%","25.5%","7.4%","3.92","2.22","18.1%","40.1%","36.0%","23.9%","20.3%","35.0%","44.7%","","0","69.0","12763"
"Richard Bleier","- - -","33","5.10","5.25","1.35","3.89","10.20","0.75",".282","1.28",".313","61.3%","3.26","21.0%","60.5%","18.5%","10.5%","13.2%","9.7%","0.0%","4.00","34.6%","70.5%","51.3%","70.6%","90.4%","83.2%","46.4%","63.1%","8.6%","13.7%","3.5%","3.79","4.50","10.2%","39.8%","36.9%","23.3%","16.0%","53.4%","30.6%","","0","60.0","7803"
"Shawn Armstrong","- - -","28","5.12","9.60","4.09","2.34","9.47","1.15",".263","1.51",".330","69.1%","0.75","24.5%","32.4%","43.1%","11.4%","10.2%","10.6%","0.0%","5.13","29.2%","73.5%","49.0%","67.0%","80.5%","76.0%","44.6%","59.1%","11.7%","23.6%","10.1%","4.41","4.35","13.5%","34.5%","35.9%","29.6%","18.0%","44.7%","37.4%","","0","70.1","12857"
"Wilmer Font","- - -","29","5.13","10.11","2.41","4.19","9.50","1.81",".266","1.32",".323","72.1%","0.93","19.6%","38.7%","41.7%","12.9%","17.1%","6.2%","100.0%","4.24","32.8%","71.1%","49.3%","64.9%","80.4%","74.6%","43.1%","57.4%","12.6%","26.2%","6.3%","3.61","5.58","19.9%","42.9%","32.9%","24.1%","14.7%","41.2%","44.1%","","0","59.2","5257"
"Matt Albers","Brewers","36","5.13","8.60","4.37","1.97","7.99","1.21",".235","1.37",".280","69.1%","1.71","19.9%","50.6%","29.5%","12.2%","16.3%","8.3%","0.0%","4.55","29.7%","62.5%","41.4%","63.9%","88.9%","77.4%","35.9%","60.5%","9.4%","22.1%","11.2%","4.52","5.13","10.9%","43.8%","35.5%","20.7%","21.3%","46.8%","32.0%","","0","59.2","4300"
"Trey Wingenter","Padres","25","5.26","12.68","4.71","2.69","5.98","0.91",".183","1.19",".267","61.4%","0.86","24.8%","34.9%","40.4%","11.4%","11.4%","13.2%","0.0%","4.03","29.9%","70.0%","46.7%","36.6%","84.1%","66.3%","41.8%","58.8%","15.7%","33.2%","12.3%","3.63","3.62","20.9%","38.2%","35.5%","26.4%","18.2%","40.9%","40.9%","","0","49.2","17793"
"Josh James","Astros","27","5.26","14.26","5.26","2.71","7.48","1.66",".220","1.42",".321","70.7%","0.69","19.6%","32.9%","47.6%","10.3%","17.6%","8.5%","0.0%","4.05","26.8%","68.8%","44.9%","45.2%","75.4%","65.1%","43.1%","58.7%","15.7%","35.8%","13.2%","3.50","3.88","22.6%","32.2%","37.1%","30.8%","16.1%","44.1%","39.9%","","0","65.0","16794"
"Touki Toussaint","Braves","24","5.28","10.15","5.68","1.79","9.14","1.22",".257","1.65",".328","72.2%","1.06","17.2%","42.6%","40.2%","10.2%","12.2%","5.8%","33.3%","5.45","28.2%","64.0%","41.0%","51.7%","84.0%","69.7%","35.8%","54.6%","12.4%","23.9%","13.4%","4.75","6.09","10.5%","38.4%","32.0%","29.6%","15.2%","52.0%","32.8%","","0","44.1","16929"
"Chad Bettis","Rockies","30","5.36","5.90","2.32","2.54","10.37","1.43",".283","1.41",".305","66.4%","3.00","20.5%","59.6%","19.9%","17.6%","23.5%","5.9%","0.0%","4.32","30.3%","68.3%","47.1%","62.2%","90.5%","80.3%","44.2%","70.0%","9.3%","14.8%","5.8%","4.10","8.23","9.0%","39.0%","41.9%","19.2%","20.9%","41.9%","37.2%","","0","50.1","10587"
"A.J. Minter","Braves","26","5.40","10.35","5.85","1.77","9.90","0.68",".273","1.75",".366","70.4%","1.33","26.3%","42.1%","31.6%","5.6%","8.3%","4.2%","0.0%","4.70","33.7%","76.2%","51.3%","59.6%","78.8%","71.4%","41.3%","56.9%","14.7%","24.5%","13.8%","4.70","6.08","10.6%","37.4%","42.6%","20.0%","19.1%","34.8%","46.1%","","0","40.0","18655"
"Clay Holmes","Pirates","27","5.44","9.99","6.31","1.58","8.24","0.88",".234","1.62",".302","65.9%","2.74","17.7%","60.3%","22.0%","9.7%","16.1%","12.9%","0.0%","4.82","24.0%","58.0%","37.5%","47.4%","91.2%","74.3%","39.7%","55.3%","9.6%","23.2%","14.6%","4.71","2.98","8.5%","49.0%","33.6%","17.5%","25.2%","42.0%","32.9%","","0","51.1","13649"
"Joe Jimenez","Tigers","25","5.45","11.81","3.63","3.25","8.96","2.21",".256","1.40",".321","72.0%","0.64","21.5%","30.5%","48.0%","11.8%","20.0%","13.0%","0.0%","4.48","34.3%","67.7%","49.8%","59.9%","77.4%","70.9%","46.5%","67.4%","14.5%","29.9%","9.2%","3.62","3.12","20.7%","41.3%","37.4%","21.2%","17.3%","43.0%","39.7%","","0","69.1","15761"
"Trevor Gott","Giants","27","5.49","9.10","3.32","2.74","7.51","1.44",".221","1.20",".259","62.5%","0.89","18.1%","38.6%","43.3%","16.2%","13.5%","12.1%","0.0%","4.78","28.2%","72.7%","46.8%","64.6%","84.3%","77.5%","42.0%","59.0%","10.6%","24.1%","8.8%","4.14","4.33","15.3%","32.0%","38.4%","29.7%","22.1%","36.1%","41.9%","","0","62.1","15046"
"Jeurys Familia","Mets","30","5.50","9.41","6.48","1.45","8.92","0.98",".263","1.71",".337","71.0%","1.78","18.7%","52.0%","29.3%","6.9%","13.8%","8.7%","0.0%","5.03","30.2%","58.4%","41.6%","57.0%","85.9%","73.3%","40.2%","56.0%","11.1%","22.9%","15.8%","5.09","5.62","7.1%","46.3%","34.3%","19.4%","15.9%","49.3%","34.8%","","0","73.2","5114"
"Jonathan Holder","Yankees","27","5.51","9.37","2.94","3.19","9.37","1.47",".256","1.37",".307","62.3%","1.04","21.6%","39.9%","38.5%","15.8%","14.0%","8.5%","0.0%","4.53","34.0%","68.4%","49.1%","67.3%","82.4%","76.5%","43.9%","59.9%","11.5%","23.5%","7.4%","4.01","4.96","16.1%","49.3%","30.4%","20.3%","22.3%","41.9%","35.8%","","0","49.0","16588"
"Justin Anderson","Angels","26","5.55","11.49","6.13","1.88","8.04","1.15",".228","1.57",".305","64.6%","0.90","25.4%","35.2%","39.3%","14.6%","12.5%","2.3%","50.0%","4.80","29.6%","70.8%","45.8%","52.4%","86.7%","73.3%","39.4%","58.5%","12.3%","27.7%","14.8%","4.56","3.83","12.9%","40.3%","26.6%","33.1%","13.7%","46.8%","39.5%","","0","47.0","16201"
"Jose Ruiz","White Sox","25","5.58","7.81","5.36","1.46","12.05","1.34",".316","1.93",".369","74.0%","0.85","23.3%","35.3%","41.4%","20.0%","10.9%","12.8%","0.0%","6.12","33.4%","73.1%","49.5%","69.8%","84.8%","78.8%","40.6%","55.8%","10.5%","17.8%","12.2%","5.40","3.79","5.6%","38.5%","35.6%","25.9%","24.4%","47.4%","28.2%","","0","40.1","14552"
"Joe Biagini","- - -","29","5.61","8.35","3.91","2.13","10.57","1.96",".292","1.61",".333","73.6%","1.78","27.8%","46.2%","25.9%","10.9%","27.3%","9.2%","0.0%","4.29","32.3%","68.4%","45.4%","64.1%","83.7%","74.8%","36.2%","55.2%","11.4%","20.8%","9.7%","4.44","5.35","11.0%","43.7%","30.5%","25.8%","12.7%","47.4%","39.9%","","0","69.0","13194"
"Wandy Peralta","- - -","27","5.63","7.79","3.81","2.04","9.11","2.32",".258","1.44",".270","71.7%","1.72","20.5%","50.3%","29.2%","4.3%","29.8%","4.9%","40.0%","4.61","34.8%","68.6%","47.9%","56.2%","81.1%","70.0%","38.6%","54.4%","14.4%","19.7%","9.6%","4.52","3.64","10.0%","49.4%","28.9%","21.7%","15.1%","45.8%","39.2%","","0","54.1","14295"
"Edgar Garcia","- - -","23","5.66","10.02","6.31","1.59","8.27","2.40",".250","1.62",".284","79.5%","0.66","16.2%","33.3%","50.5%","3.8%","20.8%","2.9%","0.0%","5.64","30.4%","65.7%","42.7%","55.0%","85.6%","71.4%","34.8%","51.9%","12.2%","25.4%","16.0%","5.07","5.23","9.4%","37.7%","35.9%","26.4%","12.3%","40.6%","47.2%","","0","41.1","19276"
"Fernando Rodney","- - -","42","5.66","9.25","5.29","1.75","9.25","0.94",".269","1.62",".344","65.7%","1.74","21.8%","49.6%","28.6%","13.2%","13.2%","3.0%","0.0%","4.51","32.1%","63.0%","44.6%","63.7%","84.0%","75.3%","40.5%","59.5%","11.0%","23.3%","13.3%","4.69","3.21","10.0%","36.8%","31.6%","31.6%","18.8%","49.6%","31.6%","","0","47.2","494"
"Juan Nicasio","- - -","33","5.73","8.51","4.25","2.00","11.47","0.92",".305","1.75",".375","67.5%","1.64","27.9%","44.8%","27.3%","9.5%","11.9%","10.1%","66.7%","4.58","29.4%","71.7%","47.7%","74.7%","84.6%","81.2%","43.4%","63.6%","9.0%","20.2%","10.1%","4.60","2.96","10.1%","33.8%","33.8%","32.5%","17.8%","42.7%","39.5%","","0","48.2","7731"
"Robbie Erlin","- - -","29","5.76","8.95","2.28","3.93","11.83","1.37",".308","1.57",".373","65.5%","1.32","25.0%","42.7%","32.3%","6.5%","14.5%","13.4%","50.0%","4.15","32.3%","71.6%","48.4%","65.3%","87.7%","78.8%","40.9%","65.2%","10.2%","21.9%","5.6%","3.93","4.40","16.3%","42.3%","34.0%","23.7%","18.0%","36.6%","45.4%","","0","59.1","10354"
"Nestor Cortes","- - -","25","5.78","9.29","3.89","2.39","9.54","2.51",".266","1.49",".292","78.1%","0.77","20.4%","34.6%","45.0%","11.6%","21.1%","11.0%","100.0%","5.20","28.8%","68.5%","45.0%","69.4%","81.8%","77.1%","40.8%","62.8%","10.3%","23.1%","9.7%","4.42","4.90","13.4%","38.2%","34.4%","27.4%","20.3%","39.6%","40.1%","","0","71.2","17874"
"Wily Peralta","Royals","30","5.80","5.36","4.24","1.26","10.04","1.56",".290","1.59",".306","67.6%","1.34","20.8%","45.4%","33.8%","13.6%","15.9%","5.1%","100.0%","5.76","27.1%","73.0%","44.3%","66.7%","89.7%","80.9%","37.4%","56.8%","8.5%","13.6%","10.8%","5.58","1.12","2.8%","45.0%","32.1%","22.9%","15.3%","40.5%","44.3%","","0","40.1","7738"
"Branden Kline","Orioles","27","5.93","7.46","4.17","1.79","9.66","1.98",".270","1.54",".292","70.0%","1.14","26.0%","39.4%","34.6%","15.9%","20.5%","8.0%","0.0%","5.15","26.5%","70.6%","44.5%","59.5%","87.3%","77.5%","40.8%","54.1%","10.0%","18.6%","10.4%","4.98","4.17","8.2%","35.9%","35.9%","28.1%","22.7%","36.7%","40.6%","","0","41.0","14101"
"Dominic Leone","- - -","28","5.94","11.11","4.79","2.32","9.57","2.11",".267","1.60",".331","68.8%","0.88","26.0%","34.6%","39.4%","6.0%","22.0%","4.5%","0.0%","4.44","38.5%","70.3%","49.3%","54.2%","83.9%","68.6%","34.1%","62.3%","15.5%","27.4%","11.8%","4.16","4.98","15.6%","34.1%","40.3%","25.6%","10.1%","44.2%","45.7%","","0","47.0","13763"
"Matt Wisler","- - -","26","5.96","11.22","3.51","3.20","10.17","2.10",".275","1.52",".341","68.6%","1.02","22.9%","38.9%","38.2%","14.5%","21.8%","7.1%","33.3%","4.00","35.1%","66.2%","47.9%","54.6%","81.1%","69.6%","40.9%","64.9%","14.6%","27.7%","8.7%","3.70","4.56","19.1%","49.7%","29.9%","20.4%","20.4%","40.8%","38.8%","","0","51.1","12804"
"Tayron Guerrero","Marlins","28","6.26","8.41","7.04","1.19","8.22","1.37",".241","1.70",".282","67.4%","1.12","16.0%","44.3%","39.7%","9.6%","13.5%","6.9%","0.0%","6.33","31.8%","77.0%","50.3%","58.6%","82.4%","73.5%","41.0%","63.4%","13.3%","19.9%","16.7%","5.75","2.93","3.2%","38.2%","36.6%","25.2%","16.0%","39.7%","44.3%","","0","46.0","11691"
"Nick Kingham","- - -","27","6.30","6.75","4.05","1.67","11.70","1.58",".321","1.75",".360","69.8%","1.34","20.2%","45.7%","34.1%","11.4%","15.9%","11.9%","66.7%","5.25","32.5%","67.5%","46.4%","73.5%","86.6%","81.1%","39.8%","53.3%","8.8%","16.7%","10.0%","5.09","4.28","6.7%","43.2%","31.1%","25.8%","20.5%","42.4%","37.1%","","0","40.0","11694"
"Jorge Lopez","- - -","27","6.32","8.81","2.68","3.29","10.34","1.34",".283","1.45",".341","55.7%","1.62","18.1%","50.7%","31.3%","11.1%","15.6%","6.8%","0.0%","4.10","30.5%","70.3%","46.8%","60.1%","90.5%","78.8%","40.9%","60.7%","9.9%","22.3%","6.8%","3.88","4.40","15.5%","37.2%","33.1%","29.7%","15.9%","46.9%","37.2%","","0","47.0","14527"
"Bryan Shaw","- - -","32","6.35","7.15","4.04","1.77","9.46","1.50",".266","1.50",".296","63.9%","1.64","20.1%","49.6%","30.3%","4.1%","17.6%","7.4%","0.0%","5.08","25.6%","73.4%","45.1%","58.1%","87.3%","77.5%","40.9%","56.5%","10.1%","17.8%","10.0%","4.84","5.31","7.7%","32.5%","42.3%","25.2%","12.6%","50.8%","36.6%","","0","78.0","8110"
"Adam Conley","Marlins","29","6.53","7.86","4.30","1.83","11.27","1.48",".303","1.73",".351","67.0%","1.00","24.2%","37.9%","37.9%","8.3%","13.9%","11.1%","28.6%","5.41","31.3%","75.4%","50.7%","64.0%","87.5%","79.4%","44.0%","62.9%","10.5%","18.7%","10.3%","4.97","2.82","8.5%","32.5%","38.1%","29.4%","14.7%","45.7%","39.6%","","0","60.2","14457"
"Kelvin Herrera","White Sox","30","6.54","9.39","4.02","2.33","10.57","1.68",".285","1.62",".342","64.9%","0.90","26.7%","34.8%","38.5%","19.4%","16.1%","8.9%","25.0%","4.82","34.0%","70.0%","49.4%","67.2%","81.7%","76.0%","43.0%","65.9%","11.9%","22.8%","9.8%","4.43","3.52","13.0%","42.4%","27.9%","29.7%","19.4%","52.1%","28.5%","","0","53.2","6033"
"Corbin Burnes","Brewers","25","6.55","13.09","4.09","3.20","9.41","1.43",".264","1.50",".379","54.2%","1.21","23.6%","41.8%","34.5%","18.4%","18.4%","8.7%","0.0%","3.42","33.2%","68.1%","47.3%","41.7%","78.2%","63.0%","40.5%","58.5%","17.5%","32.8%","10.3%","3.34","5.73","22.6%","30.9%","40.0%","29.1%","16.4%","45.5%","38.2%","","0","44.0","19361"
"Wei-Yin Chen","Marlins","33","6.59","8.30","2.37","3.50","11.46","1.98",".306","1.54",".350","62.9%","0.95","25.1%","36.5%","38.4%","6.0%","17.9%","5.0%","0.0%","4.83","31.3%","72.0%","50.4%","65.5%","89.2%","81.4%","46.9%","59.3%","9.4%","20.5%","5.9%","4.25","3.03","14.7%","37.1%","36.2%","26.7%","13.6%","42.1%","44.3%","","0","68.1","13071"
"Jacob Barnes","- - -","29","6.65","8.52","4.57","1.86","9.76","1.25",".261","1.59",".308","54.3%","1.69","23.9%","47.8%","28.3%","5.1%","15.4%","9.1%","0.0%","4.75","27.0%","70.6%","43.0%","57.3%","88.9%","76.3%","36.7%","58.3%","10.2%","20.1%","10.8%","4.65","4.98","9.3%","43.9%","35.3%","20.9%","14.4%","41.7%","43.9%","","0","43.1","12323"
"Geoff Hartlieb","Pirates","26","7.42","9.13","4.94","1.85","11.98","1.71",".317","1.88",".380","64.1%","1.64","22.1%","48.3%","29.5%","4.5%","20.5%","5.6%","50.0%","4.66","30.3%","71.5%","48.0%","68.0%","82.5%","77.3%","43.1%","57.3%","10.9%","21.3%","11.6%","4.63","5.89","9.8%","45.7%","29.1%","25.2%","13.9%","49.0%","37.1%","","0","47.1","19558"
"Jeffrey Springs","- - -","27","7.46","9.22","5.49","1.68","12.29","1.54",".316","1.98",".383","66.5%","0.60","31.6%","25.6%","42.9%","7.0%","12.3%","8.8%","100.0%","5.81","29.1%","69.4%","47.1%","59.0%","77.9%","71.4%","44.7%","64.0%","13.5%","20.7%","12.3%","5.12","5.27","8.4%","33.6%","32.1%","34.3%","14.9%","48.5%","36.6%","","0","41.0","17677"
"Matt Grace","- - -","31","7.69","6.70","2.36","2.83","13.01","2.36",".337","1.71",".360","63.3%","1.71","22.8%","48.7%","28.5%","2.2%","26.7%","6.5%","100.0%","4.60","33.4%","65.5%","47.6%","67.7%","90.8%","81.8%","44.3%","65.2%","8.7%","16.2%","5.7%","4.45","5.12","10.5%","40.7%","35.2%","24.1%","11.7%","48.8%","39.5%","","0","45.2","11449"
"David Hernandez","Reds","34","8.02","11.18","4.22","2.65","11.18","1.48",".299","1.71",".393","54.5%","0.68","30.6%","28.1%","41.3%","14.0%","14.0%","8.8%","66.7%","4.54","35.3%","70.4%","50.4%","60.1%","77.3%","70.5%","43.0%","65.2%","14.9%","26.8%","10.1%","4.08","2.32","16.7%","36.3%","37.1%","26.6%","12.9%","41.9%","45.2%","","0","42.2","4259"
"Wade Davis","Rockies","34","9.13","8.54","6.35","1.34","10.72","1.79",".290","1.90",".336","54.4%","0.98","22.4%","38.5%","39.2%","12.5%","16.1%","7.3%","0.0%","6.02","30.2%","65.7%","43.5%","62.2%","86.6%","76.0%","37.5%","54.6%","10.4%","19.6%","14.6%","5.47","0.99","5.0%","43.4%","30.1%","26.6%","16.8%","42.7%","40.6%","","0","45.1","7441"
